Workbook

Sheet 鑫海盈印刷包装20261月
A1: 深圳市鑫海盈印刷包装有限公司1月电费单
A2: 正向数据 | I2: 反向数据 | N2: 实际用电数 | O2: 电价 | P2: 金额
A3: 电表号 | B3: 类别 | C3: 上月表数 | D3: 本月表数 | E3: 电表用理 | F3: 倍率 | G3: 用电量 | H3: 上网表号 | I3: 上月表数 | J3: 本月表数 | K3: 电表用理 | L3: 倍率 | M3: 用电量 | Q3: 用电户号'0950000088022175
A4: 用户号：'0950000880022175 | B4: 正有功尖峰1 | C4: 477.84 | D4: 526.27 | E4: =D4-C4 -> 48.43 | F4: 100 | G4: =E4*F4 -> 4843 | H4: 950050038400663 | I4: 47.58 | J4: 49.26 | K4: =J4-I4 -> 1.68 | L4: 80 | M4: =K4*L4 -> 134.4 | N4: =G4-M4 -> 4708.6 | O4: 1.0234687 | P4: =N4*O4 -> 4819.105
A5: 资产号07348995 | B5: 正有功峰2 | C5: 447.51 | D5: 491.98 | E5: =D5-C5 -> 44.47 | F5: 100 | G5: =E5*F5 -> 4447 | I5: 38.78 | J5: 40.5 | K5: =J5-I5 -> 1.72 | L5: 80 | M5: =K5*L5 -> 137.6 | N5: =G5-M5 -> 4309.4 | O5: 1.0234687 | P5: =N5*O5 -> 4410.5362 | Q5: 上网电表：0950050038400663
A6: 发电'0950050038124248 | B6: 正有功平 | C6: 768.26 | D6: 844.19 | E6: =D6-C6 -> 75.93 | F6: 100 | G6: =E6*F6 -> 7593 | I6: 184.16 | J6: 208 | K6: =J6-I6 -> 23.84 | L6: 80 | M6: =K6*L6 -> 1907.2 | N6: =G6-M6 -> 5685.8 | O6: 0.68096875 | P6: =N6*O6 -> 3871.8521 | Q6: 上网电表资产表：09001SF00000041804265458
B7: 正有功谷 | C7: 57.27 | D7: 58.7 | E7: =D7-C7 -> 1.43 | F7: 100 | G7: =E7*F7 -> 143 | I7: 4.01 | J7: 4.03 | K7: =J7-I7 -> 0.02 | L7: 80 | M7: =K7*L7 -> 1.6 | N7: =G7-M7 -> 141.4 | O7: 0.24956875 | P7: =N7*O7 -> 35.289021 | Q7: 发电表号：0950050038124248
B8: 正有功总 | C8: 1750.9 | D8: 1921.16 | E8: =D8-C8 -> 170.26 | F8: 100 | G8: =E8*F8 -> 17026 | I8: 274.55 | J8: 301.81 | K8: =J8-I8 -> 27.26 | L8: 80 | M8: =K8*L8 -> 2180.8 | N8: =G8-M8 -> 14845.2 | P8: =SUM(P4:P7) -> 13136.782 | Q8: 发电资产号09001SF0000042207348995
N9: =G9-M9 -> 0
A10: 资产号'07348997 | B10: 正有功尖峰1 | C10: 406.39 | D10: 448.19 | E10: =D10-C10 -> 41.8 | F10: 40 | G10: =E10*F10 -> 1672 | H10: 0950050038475391 | I10: 74.4 | J10: 82.48 | K10: =J10-I10 -> 8.08 | L10: 40 | M10: =K10*L10 -> 323.2 | N10: =G10-M10 -> 1348.8 | O10: 0.95786875 | P10: =O10*N10 -> 1291.9734 | Q10: 用电户号0950000048227895
A11: 发电0950050038007239 | B11: 正有功峰2 | C11: 387.03 | D11: 425.84 | E11: =D11-C11 -> 38.81 | F11: 40 | G11: =E11*F11 -> 1552.4 | I11: 65.96 | J11: 73.03 | K11: =J11-I11 -> 7.07 | L11: 40 | M11: =K11*L11 -> 282.8 | N11: =G11-M11 -> 1269.6 | O11: 0.95786875 | P11: =O11*N11 -> 1216.1102
B12: 正有功平 | C12: 683.34 | D12: 749.81 | E12: =D12-C12 -> 66.47 | F12: 40 | G12: =E12*F12 -> 2658.8 | I12: 320.44 | J12: 357.54 | K12: =J12-I12 -> 37.1 | L12: 40 | M12: =K12*L12 -> 1484 | N12: =G12-M12 -> 1174.8 | O12: 0.71406875 | P12: =O12*N12 -> 838.88797 | Q12: 上网电表：0950050038475391
A13: 用户号：0950000048227895 | B13: 正有功谷 | C13: 52.18 | D13: 54.39 | E13: =D13-C13 -> 2.21 | F13: 40 | G13: =E13*F13 -> 88.4 | I13: 33.2 | J13: 33.61 | K13: =J13-I13 -> 0.41 | L13: 40 | M13: =K13*L13 -> 16.4 | N13: =G13-M13 -> 72 | O13: 0.22636875 | P13: =O13*N13 -> 16.29855 | Q13: 上网电表资产表：09001SF00000042107007793
B14: 正有功总 | C14: 1529.95 | D14: 1678.25 | E14: =D14-C14 -> 148.3 | F14: 40 | G14: =E14*F14 -> 5932 | I14: 494.02 | J14: 546.67 | K14: =J14-I14 -> 52.65 | L14: 40 | M14: =K14*L14 -> 2106 | N14: =G14-M14 -> 3826 | P14: =SUM(P10:P13) -> 3363.2701 | Q14: 发电表号：0950050038007239
E15: 合计 | G15: =G8+G14 -> 22958 | M15: =SUM(M4:M14) -> 8574 | N15: =N14+N8 -> 18671.2 | P15: =P14+P8 -> 16500.052 | Q15: 发电资产号09001SF00000042207348997
A16: 9.8折，折后价： | O16: =P15*0.98 -> 16170.051

Sheet 鑫海盈印刷包装20262月
A1: 深圳市鑫海盈印刷包装有限公司2月电费单
A2: 正向数据 | I2: 反向数据 | N2: 实际用电数 | O2: 电价 | P2: 金额
A3: 电表号 | B3: 类别 | C3: 上月表数 | D3: 本月表数 | E3: 电表用理 | F3: 倍率 | G3: 用电量 | H3: 上网表号 | I3: 上月表数 | J3: 本月表数 | K3: 电表用理 | L3: 倍率 | M3: 用电量 | Q3: 用电户号'0950000088022175
A4: 用户号：'0950000880022175 | B4: 正有功尖峰1 | C4: 526.27 | D4: 564.93 | E4: =D4-C4 -> 38.66 | F4: 100 | G4: =E4*F4 -> 3866 | H4: 950050038400663 | I4: 49.26 | J4: 73.48 | K4: =J4-I4 -> 24.22 | L4: 80 | M4: =K4*L4 -> 1937.6 | N4: =G4-M4 -> 1928.4 | O4: 1.1662687 | P4: =N4*O4 -> 2249.0327
A5: 资产号07348995 | B5: 正有功峰2 | C5: 491.98 | D5: 527.1 | E5: =D5-C5 -> 35.12 | F5: 100 | G5: =E5*F5 -> 3512 | I5: 40.5 | J5: 63.67 | K5: =J5-I5 -> 23.17 | L5: 80 | M5: =K5*L5 -> 1853.6 | N5: =G5-M5 -> 1658.4 | O5: 1.1662687 | P5: =N5*O5 -> 1934.1401 | Q5: 上网电表：0950050038400663
A6: 发电'0950050038124248 | B6: 正有功平 | C6: 844.19 | D6: 902.99 | E6: =D6-C6 -> 58.8 | F6: 100 | G6: =E6*F6 -> 5880 | I6: 208 | J6: 251.08 | K6: =J6-I6 -> 43.08 | L6: 80 | M6: =K6*L6 -> 3446.4 | N6: =G6-M6 -> 2433.6 | O6: 0.77466875 | P6: =N6*O6 -> 1885.2339 | Q6: 上网电表资产表：09001SF00000041804265458
B7: 正有功谷 | C7: 58.7 | D7: 60.14 | E7: =D7-C7 -> 1.44 | F7: 100 | G7: =E7*F7 -> 144 | I7: 4.03 | J7: 4.6 | K7: =J7-I7 -> 0.57 | L7: 80 | M7: =K7*L7 -> 45.6 | N7: =G7-M7 -> 98.4 | O7: 0.28146875 | P7: =N7*O7 -> 27.696525 | Q7: 发电表号：0950050038124248
B8: 正有功总 | C8: 1921.16 | D8: 2055.18 | E8: =D8-C8 -> 134.02 | F8: 100 | G8: =E8*F8 -> 13402 | I8: 301.81 | J8: 392.84 | K8: =J8-I8 -> 91.03 | L8: 80 | M8: =K8*L8 -> 7282.4 | N8: =G8-M8 -> 6119.6 | P8: =SUM(P4:P7) -> 6096.1031 | Q8: 发电资产号09001SF0000042207348995
N9: =G9-M9 -> 0
A10: 资产号'07348997 | B10: 正有功尖峰1 | C10: 448.19 | D10: 480.11 | E10: =D10-C10 -> 31.92 | F10: 40 | G10: =E10*F10 -> 1276.8 | H10: 0950050038475391 | I10: 82.48 | J10: 100.59 | K10: =J10-I10 -> 18.11 | L10: 40 | M10: =K10*L10 -> 724.4 | N10: =G10-M10 -> 552.4 | O10: 1.0849688 | P10: =O10*N10 -> 599.33674 | Q10: 用电户号0950000048227895
A11: 发电0950050038007239 | B11: 正有功峰2 | C11: 425.84 | D11: 455.25 | E11: =D11-C11 -> 29.41 | F11: 40 | G11: =E11*F11 -> 1176.4 | I11: 73.03 | J11: 90.05 | K11: =J11-I11 -> 17.02 | L11: 40 | M11: =K11*L11 -> 680.8 | N11: =G11-M11 -> 495.6 | O11: 1.0849688 | P11: =O11*N11 -> 537.71051
B12: 正有功平 | C12: 749.81 | D12: 799.14 | E12: =D12-C12 -> 49.33 | F12: 40 | G12: =E12*F12 -> 1973.2 | I12: 357.54 | J12: 395.39 | K12: =J12-I12 -> 37.85 | L12: 40 | M12: =K12*L12 -> 1514 | N12: =G12-M12 -> 459.2 | O12: 0.80776875 | P12: =O12*N12 -> 370.92741 | Q12: 上网电表：0950050038475391
A13: 用户号：0950000048227895 | B13: 正有功谷 | C13: 54.39 | D13: 55.53 | E13: =D13-C13 -> 1.14 | F13: 40 | G13: =E13*F13 -> 45.6 | I13: 33.61 | J13: 34.3 | K13: =J13-I13 -> 0.69 | L13: 40 | M13: =K13*L13 -> 27.6 | N13: =G13-M13 -> 18 | O13: 0.25346875 | P13: =O13*N13 -> 4.5624375 | Q13: 上网电表资产表：09001SF00000042107007793
B14: 正有功总 | C14: 1678.25 | D14: 1790.06 | E14: =D14-C14 -> 111.81 | F14: 40 | G14: =E14*F14 -> 4472.4 | I14: 546.67 | J14: 620.34 | K14: =J14-I14 -> 73.67 | L14: 40 | M14: =K14*L14 -> 2946.8 | N14: =G14-M14 -> 1525.6 | P14: =SUM(P10:P13) -> 1512.5371 | Q14: 发电表号：0950050038007239
E15: 合计 | G15: =G8+G14 -> 17874.4 | M15: =SUM(M4:M14) -> 20459.2 | N15: =N14+N8 -> 7645.2 | P15: =P14+P8 -> 7608.6402 | Q15: 发电资产号09001SF00000042207348997
A16: 9.8折，折后价： | O16: =P15*0.98 -> 7456.4674

Sheet 每月汇总
A1: 2026年1月深圳市鑫海盈印刷包装有限公司电费单
A2: 用户号 | B2: 发电表号 | C2: 发电表资产编号 | D2: 上网表号 | E2: 上网表资产号 | F2: 发电量 | G2: 上网电量 | H2: 实际用电数 | I2: 金额 | J2: 上网费
A3: =[1]鑫海盈印刷包装202502!A4 -> 用户号：'0950000880022175 | B3: =[1]供电局抄表记录2月!A3 -> 0950050038124248 | C3: =[1]供电局抄表记录2月!B3 -> 09001SF00000042207348995 | D3: =[1]供电局抄表记录2月!A4 -> 0950050038400663 | E3: =[1]供电局抄表记录2月!B4 -> 09001SF00000041804265458 | F3: =鑫海盈印刷包装20261月!G8 -> 17026 | G3: =鑫海盈印刷包装20261月!M8 -> 2180.8 | H3: =鑫海盈印刷包装20261月!N8 -> 14845.2 | I3: =鑫海盈印刷包装20261月!P8 -> 13136.782
A4: =[1]鑫海盈印刷包装202502!A13 -> 用户号：0950000048227895 | B4: =[1]供电局抄表记录2月!A5 -> 0950050038007239 | C4: =[1]供电局抄表记录2月!B5 -> 09001SF00000042207348997 | D4: =[1]供电局抄表记录2月!A6 -> 0950050038475391 | E4: =[1]供电局抄表记录2月!B6 -> 09001SF00000042107007793 | F4: =鑫海盈印刷包装20261月!G14 -> 5932 | G4: =鑫海盈印刷包装20261月!M14 -> 2106 | H4: =鑫海盈印刷包装20261月!N14 -> 3826 | I4: =鑫海盈印刷包装20261月!P14 -> 3363.2701
A5: 合计 | F5: =SUM(F3:F4) -> 22958 | G5: =SUM(G3:G4) -> 4286.8 | H5: =SUM(H3:H4) -> 18671.2 | I5: =SUM(I3:I4) -> 16500.052
A6: 2026年2月深圳市鑫海盈印刷包装有限公司电费单
A7: {=A3:E4} -> 用户号：'0950000880022175 | B7: 0950050038124248 | C7: 09001SF00000042207348995 | D7: 0950050038400663 | E7: 09001SF00000041804265458 | F7: =鑫海盈印刷包装20262月!G8 -> 13402 | G7: =鑫海盈印刷包装20262月!M8 -> 7282.4 | H7: =鑫海盈印刷包装20262月!N8 -> 6119.6 | I7: =鑫海盈印刷包装20262月!P8 -> 6096.1031
A8: 用户号：0950000048227895 | B8: 0950050038007239 | C8: 09001SF00000042207348997 | D8: 0950050038475391 | E8: 09001SF00000042107007793 | F8: =鑫海盈印刷包装20262月!G14 -> 4472.4 | G8: =鑫海盈印刷包装20262月!M14 -> 2946.8 | H8: =鑫海盈印刷包装20262月!N14 -> 1525.6 | I8: =鑫海盈印刷包装20262月!P14 -> 1512.5371
A9: 合计 | F9: =SUM(F7:F8) -> 17874.4 | G9: =SUM(G7:G8) -> 10229.2 | H9: =SUM(H7:H8) -> 7645.2 | I9: =SUM(I7:I8) -> 7608.6402
