Workbook

Sheet 202504
A1: 特旺光伏项目发电统计表（2025年4月）
A2: 正向数据 | H2: 反向数据 | M2: 自发用电量/金额 | P2: 供电局上网
A3: 类别 | B3: 上月表数 | C3: 本月表数 | D3: 电表用理 | E3: 倍率 | F3: 用电量 | H3: 上月表数 | I3: 本月表数 | J3: 电表用理 | K3: 倍率 | L3: 用电量 | M3: 实际用电数 | N3: 电价 | O3: 金额 | P3: 上网电价 | Q3: 上网金额
A4: 正有功尖峰 | B4: 0 | C4: 55.63 | D4: =C4-B4 -> 55.63 | E4: 100 | F4: =D4*E4 -> 5563 | H4: 0 | I4: 0.06 | J4: =I4-H4 -> 0.06 | K4: 1000 | L4: =J4*K4 -> 60 | M4: =F4-L4 -> 5503 | N4: =0.696848+0.2142+0.0411+0.02766875+0.0257 -> 1.0055167 | O4: =M4*N4 -> 5533.3587 | P4: 0.453 | Q4: =P4*L4 -> 27.18
A5: 正有功峰 | B5: 0 | C5: 51.3 | D5: =C5-B5 -> 51.3 | E5: 100 | F5: =D5*E5 -> 5130 | H5: 0 | I5: 0.06 | J5: =I5-H5 -> 0.06 | K5: 1000 | L5: =J5*K5 -> 60 | M5: =F5-L5 -> 5070 | N5: =0.696848+0.2142+0.0411+0.02766875+0.0257 -> 1.0055167 | O5: =M5*N5 -> 5097.9699 | P5: 0.453 | Q5: =P5*L5 -> 27.18
A6: 正有功平 | B6: 0 | C6: 79.23 | D6: =C6-B6 -> 79.23 | E6: 100 | F6: =D6*E6 -> 7923 | H6: 0 | I6: 0.14 | J6: =I6-H6 -> 0.14 | K6: 1000 | L6: =J6*K6 -> 140 | M6: =F6-L6 -> 7783 | N6: =0.40991+0.126+0.02766875+0.0151+0.0242 -> 0.60287875 | O6: =M6*N6 -> 4692.2053 | P6: 0.453 | Q6: =P6*L6 -> 63.42
A7: 正有功谷 | B7: 0 | C7: 7.12 | D7: =C7-B7 -> 7.12 | E7: 100 | F7: =D7*E7 -> 712 | H7: 0 | I7: 0.01 | J7: =I7-H7 -> 0.01 | K7: 1000 | L7: =J7*K7 -> 10 | M7: =F7-L7 -> 702 | N7: =0.155766+0.0479+0.0057+0.0092+0.02766875 -> 0.24623475 | O7: =M7*N7 -> 172.85679 | P7: 0.453 | Q7: =P7*L7 -> 4.53
A8: 正有功总 | B8: 0 | C8: =SUM(C4:C7) -> 193.28 | D8: 193.29 | E8: 100 | F8: =D8*E8 -> 19329 | H8: 0 | I8: 0.28 | J8: =I8-H8 -> 0.28 | K8: 1000 | L8: =J8*K8 -> 280 | M8: =F8-L8 -> 19049 | O8: =SUM(O4:O7) -> 15496.391 | P8: 0.453 | Q8: =P8*L8 -> 126.84
A9: 发电总量-反向数据上网电量*电价*9折。 折后价 | O9: =O8*0.9 -> 13946.752
A10: 联系电话：18938973683 | O10: 制作： | P10: 曹贤奎
R11: =0.69589+0.2142+0.026+0.02766875+0.0445 -> 1.0082587
R12: =0.409347+0.126+0.02766875+0.0153+0.0262 -> 0.60451575
R13: =0.155552+0.0479+0.0058+0.01+0.02766875 -> 0.24692075
R16: =O8/M8 -> 0.81350153

Sheet 202504 特
A1: 特旺光伏项目发电统计表（2025年4月）
A2: 正向数据 | H2: 反向数据 | M2: 自发用电量/金额
A3: 类别 | B3: 上月表数 | C3: 本月表数 | D3: 电表用理 | E3: 倍率 | F3: 用电量 | H3: 上月表数 | I3: 本月表数 | J3: 电表用理 | K3: 倍率 | L3: 用电量 | M3: 实际用电数 | N3: 电价 | O3: 金额
A4: 正有功尖峰 | B4: 0 | C4: 55.63 | D4: =C4-B4 -> 55.63 | E4: 100 | F4: =D4*E4 -> 5563 | H4: 0 | I4: 0.06 | J4: =I4-H4 -> 0.06 | K4: 1000 | L4: =J4*K4 -> 60 | M4: =F4-L4 -> 5503 | N4: =0.696848+0.2142+0.0411+0.02766875+0.0257 -> 1.0055167 | O4: =M4*N4 -> 5533.3587
A5: 正有功峰 | B5: 0 | C5: 51.3 | D5: =C5-B5 -> 51.3 | E5: 100 | F5: =D5*E5 -> 5130 | H5: 0 | I5: 0.06 | J5: =I5-H5 -> 0.06 | K5: 1000 | L5: =J5*K5 -> 60 | M5: =F5-L5 -> 5070 | N5: =0.696848+0.2142+0.0411+0.02766875+0.0257 -> 1.0055167 | O5: =M5*N5 -> 5097.9699
A6: 正有功平 | B6: 0 | C6: 79.23 | D6: =C6-B6 -> 79.23 | E6: 100 | F6: =D6*E6 -> 7923 | H6: 0 | I6: 0.14 | J6: =I6-H6 -> 0.14 | K6: 1000 | L6: =J6*K6 -> 140 | M6: =F6-L6 -> 7783 | N6: =0.40991+0.126+0.02766875+0.0151+0.0242 -> 0.60287875 | O6: =M6*N6 -> 4692.2053
A7: 正有功谷 | B7: 0 | C7: 7.12 | D7: =C7-B7 -> 7.12 | E7: 100 | F7: =D7*E7 -> 712 | H7: 0 | I7: 0.01 | J7: =I7-H7 -> 0.01 | K7: 1000 | L7: =J7*K7 -> 10 | M7: =F7-L7 -> 702 | N7: =0.155766+0.0479+0.0057+0.0092+0.02766875 -> 0.24623475 | O7: =M7*N7 -> 172.85679
A8: 正有功总 | B8: 0 | C8: =SUM(C4:C7) -> 193.28 | D8: 193.29 | E8: 100 | F8: =D8*E8 -> 19329 | H8: 0 | I8: 0.28 | J8: =I8-H8 -> 0.28 | K8: 1000 | L8: =J8*K8 -> 280 | M8: =F8-L8 -> 19049 | O8: =SUM(O4:O7) -> 15496.391
A9: 发电总量-反向数据上网电量*电价*9折。 折后价 | O9: =O8*0.9 -> 13946.752
A10: 联系电话：18938973683 | N10: 制作： | O10: 曹贤奎
P11: =0.69589+0.2142+0.026+0.02766875+0.0445 -> 1.0082587
P12: =0.409347+0.126+0.02766875+0.0153+0.0262 -> 0.60451575
P13: =0.155552+0.0479+0.0058+0.01+0.02766875 -> 0.24692075
P16: =O8/M8 -> 0.81350153

Sheet 202505
A1: 特旺光伏项目发电统计表（2025年5月）
A2: 正向数据 | H2: 反向数据 | M2: 自发用电量/金额 | P2: 供电局上网
A3: 类别 | B3: 上月表数 | C3: 本月表数 | D3: 电表用理 | E3: 倍率 | F3: 发电量 | H3: 上月表数 | I3: 本月表数 | J3: 电表用理 | K3: 倍率 | L3: 用电量 | M3: 实际用电数 | N3: 电价 | O3: 金额 | P3: 上网电价 | Q3: 上网金额
A4: 正有功尖峰 | B4: 55.63 | C4: 124 | D4: =C4-B4 -> 68.37 | E4: 100 | F4: =D4*E4 -> 6837 | H4: 0.06 | I4: 0.7 | J4: =I4-H4 -> 0.64 | K4: 1000 | L4: =J4*K4 -> 640 | M4: =F4-L4 -> 6197 | N4: 1.0082587 | O4: =M4*N4 -> 6248.1795 | P4: 0.453 | Q4: =P4*L4 -> 289.92
A5: 正有功峰 | B5: 51.3 | C5: 119.7 | D5: =C5-B5 -> 68.4 | E5: 100 | F5: =D5*E5 -> 6840 | H5: 0.06 | I5: 0.71 | J5: =I5-H5 -> 0.65 | K5: 1000 | L5: =J5*K5 -> 650 | M5: =F5-L5 -> 6190 | N5: 1.0082587 | O5: =M5*N5 -> 6241.1217 | P5: 0.453 | Q5: =P5*L5 -> 294.45
A6: 正有功平 | B6: 79.23 | C6: 200.24 | D6: =C6-B6 -> 121.01 | E6: 100 | F6: =D6*E6 -> 12101 | H6: 0.14 | I6: 1.25 | J6: =I6-H6 -> 1.11 | K6: 1000 | L6: =J6*K6 -> 1110 | M6: =F6-L6 -> 10991 | N6: 0.60451575 | O6: =M6*N6 -> 6644.2326 | P6: 0.453 | Q6: =P6*L6 -> 502.83
A7: 正有功谷 | B7: 7.12 | C7: 21.72 | D7: =C7-B7 -> 14.6 | E7: 100 | F7: =D7*E7 -> 1460 | H7: 0.01 | I7: 0.12 | J7: =I7-H7 -> 0.11 | K7: 1000 | L7: =J7*K7 -> 110 | M7: =F7-L7 -> 1350 | N7: 0.24692075 | O7: =M7*N7 -> 333.34301 | P7: 0.453 | Q7: =P7*L7 -> 49.83
A8: 正有功总 | B8: =SUM(B4:B7) -> 193.28 | C8: =465.67 -> 465.67 | D8: 193.29 | E8: 100 | F8: =SUM(F4:F7) -> 27238 | H8: 0.28 | I8: =2.79 -> 2.79 | J8: =I8-H8 -> 2.51 | K8: 1000 | L8: =J8*K8 -> 2510 | M8: =F8-L8 -> 24728 | O8: =SUM(O4:O7) -> 19466.877 | P8: 0.453 | Q8: =P8*L8 -> 1137.03
A9: 9折，折后价 | O9: =O8*0.9 -> 17520.189
A10: 联系电话：18938973683 | O10: 制作： | P10: 曹贤奎
R11: =0.69589+0.2142+0.026+0.02766875+0.0445 -> 1.0082587
R12: =0.409347+0.126+0.02766875+0.0153+0.0262 -> 0.60451575
M13: 4月 | N13: ='202504 特'!O8/'202504 特'!M8 -> 0.81350153 | R13: =0.155552+0.0479+0.0058+0.01+0.02766875 -> 0.24692075
M14: 5月 | N14: =O8/M8 -> 0.78724024
R16: =O8/M8 -> 0.78724024

Sheet 202505特旺
A1: 特旺光伏项目发电统计表（2025年5月）
A2: 正向数据 | H2: 反向数据 | M2: 自发用电量/金额
A3: 类别 | B3: 上月表数 | C3: 本月表数 | D3: 电表用理 | E3: 倍率 | F3: 发电量 | H3: 上月表数 | I3: 本月表数 | J3: 电表用理 | K3: 倍率 | L3: 上网电量 | M3: 实际用电数 | N3: 电价 | O3: 金额
A4: 正有功尖峰 | B4: 55.63 | C4: 124 | D4: =C4-B4 -> 68.37 | E4: 100 | F4: =D4*E4 -> 6837 | H4: 0.06 | I4: 0.7 | J4: =I4-H4 -> 0.64 | K4: 1000 | L4: =J4*K4 -> 640 | M4: =F4-L4 -> 6197 | N4: 1.0082587 | O4: =M4*N4 -> 6248.1795
A5: 正有功峰 | B5: 51.3 | C5: 119.7 | D5: =C5-B5 -> 68.4 | E5: 100 | F5: =D5*E5 -> 6840 | H5: 0.06 | I5: 0.71 | J5: =I5-H5 -> 0.65 | K5: 1000 | L5: =J5*K5 -> 650 | M5: =F5-L5 -> 6190 | N5: 1.0082587 | O5: =M5*N5 -> 6241.1217
A6: 正有功平 | B6: 79.23 | C6: 200.24 | D6: =C6-B6 -> 121.01 | E6: 100 | F6: =D6*E6 -> 12101 | H6: 0.14 | I6: 1.25 | J6: =I6-H6 -> 1.11 | K6: 1000 | L6: =J6*K6 -> 1110 | M6: =F6-L6 -> 10991 | N6: 0.60451575 | O6: =M6*N6 -> 6644.2326
A7: 正有功谷 | B7: 7.12 | C7: 21.72 | D7: =C7-B7 -> 14.6 | E7: 100 | F7: =D7*E7 -> 1460 | H7: 0.01 | I7: 0.12 | J7: =I7-H7 -> 0.11 | K7: 1000 | L7: =J7*K7 -> 110 | M7: 1350 | N7: 0.24692075 | O7: =M7*N7 -> 333.34301
A8: 正有功总 | B8: =SUM(B4:B7) -> 193.28 | C8: =465.67 -> 465.67 | D8: 193.29 | E8: 100 | F8: =SUM(F4:F7) -> 27238 | H8: 0.28 | I8: =2.79 -> 2.79 | J8: =I8-H8 -> 2.51 | K8: 1000 | L8: =J8*K8 -> 2510 | M8: =SUM(M4:M7) -> 24728 | O8: =SUM(O4:O7) -> 19466.877
A9: 发电总量-反向数据上网电量*电价*9折。 折后价 | O9: =O8*0.9 -> 17520.189
A10: 联系电话：18938973683 | N10: 制作： | O10: 曹贤奎
P11: =0.69589+0.2142+0.026+0.02766875+0.0445 -> 1.0082587
P12: =0.409347+0.126+0.02766875+0.0153+0.0262 -> 0.60451575
P13: =0.155552+0.0479+0.0058+0.01+0.02766875 -> 0.24692075
M14: =O8/M8 -> 0.78724024
P16: =O8/M8 -> 0.78724024

Sheet 202506特旺 (2)
A1: 特旺光伏项目发电统计表（2025年6月）
A2: 正向数据 | H2: 反向数据 | M2: 自发用电量/金额
A3: 类别 | B3: 上月表数 | C3: 本月表数 | D3: 电表用理 | E3: 倍率 | F3: 发电量 | H3: 上月表数 | I3: 本月表数 | J3: 电表用理 | K3: 倍率 | L3: 上网电量 | M3: 实际用电数 | N3: 电价 | O3: 金额
A4: 正有功尖峰 | B4: 124 | C4: 207.29 | D4: =C4-B4 -> 83.29 | E4: 100 | F4: =D4*E4 -> 8329 | H4: 0.7 | I4: 1.28 | J4: =I4-H4 -> 0.58 | K4: 1000 | L4: =J4*K4 -> 580 | M4: =F4-L4 -> 7749 | N4: 1.2333235 | O4: =M4*N4 -> 9557.0238
A5: 正有功峰 | B5: 119.7 | C5: 200.63 | D5: =C5-B5 -> 80.93 | E5: 100 | F5: =D5*E5 -> 8093 | H5: 0.71 | I5: 1.19 | J5: =I5-H5 -> 0.48 | K5: 1000 | L5: =J5*K5 -> 480 | M5: =F5-L5 -> 7613 | N5: 1.0016837 | O5: =M5*N5 -> 7625.8184
A6: 正有功平 | B6: 200.24 | C6: 334.22 | D6: =C6-B6 -> 133.98 | E6: 100 | F6: =D6*E6 -> 13398 | H6: 1.25 | I6: 2.4 | J6: =I6-H6 -> 1.15 | K6: 1000 | L6: =J6*K6 -> 1150 | M6: =F6-L6 -> 12248 | N6: 0.60062475 | O6: =M6*N6 -> 7356.4519
A7: 正有功谷 | B7: 21.72 | C7: 38.31 | D7: =C7-B7 -> 16.59 | E7: 100 | F7: =D7*E7 -> 1659 | H7: 0.12 | I7: 0.21 | J7: =I7-H7 -> 0.09 | K7: 1000 | L7: =J7*K7 -> 90 | M7: 1350 | N7: 0.2454565 | O7: =M7*N7 -> 331.36627
A8: 正有功总 | B8: =465.67 -> 465.67 | C8: 780.46 | D8: 193.29 | E8: 100 | F8: =SUM(F4:F7) -> 31479 | H8: =2.79 -> 2.79 | I8: 5.1 | J8: =I8-H8 -> 2.31 | K8: 1000 | L8: =J8*K8 -> 2310 | M8: =SUM(M4:M7) -> 28960 | O8: =SUM(O4:O7) -> 24870.66
A9: 发电总量-反向数据上网电量*电价*9折。 折后价 | O9: =O8*0.9 -> 22383.594
A10: 联系电话：18938973683 | N10: 制作： | O10: 曹贤奎

Sheet 202507特旺 (3)
A1: 特旺光伏项目发电统计表（2025年7月）
A2: 正向数据 | H2: 反向数据 | M2: 自发用电量/金额
A3: 类别 | B3: 上月表数 | C3: 本月表数 | D3: 电表用理 | E3: 倍率 | F3: 发电量 | H3: 上月表数 | I3: 本月表数 | J3: 电表用理 | K3: 倍率 | L3: 上网电量 | M3: 实际用电数 | N3: 电价 | O3: 金额 | R3: 尖峰 | S3: 峰 | T3: 平 | U3: 谷
A4: 正有功尖峰 | B4: 207.29 | C4: 295.19 | D4: =C4-B4 -> 87.9 | E4: 100 | F4: =D4*E4 -> 8790 | H4: 1.28 | I4: 2.67 | J4: =I4-H4 -> 1.39 | K4: 1000 | L4: =J4*K4 -> 1390 | M4: =F4-L4 -> 7400 | N4: 1.2274117 | O4: =M4*N4 -> 9082.8469 | Q4: 电量电费 | R4: 0.857543 | S4: 0.696053 | T4: 0.409443 | U4: 0.155588
A5: 正有功峰 | B5: 200.63 | C5: 289.89 | D5: =C5-B5 -> 89.26 | E5: 100 | F5: =D5*E5 -> 8926 | H5: 1.19 | I5: 2.62 | J5: =I5-H5 -> 1.43 | K5: 1000 | L5: =J5*K5 -> 1430 | M5: =F5-L5 -> 7496 | N5: 0.99742175 | O5: =M5*N5 -> 7476.6734 | Q5: 输配电费 | R5: 0.2678 | S5: 0.2142 | T5: 0.126 | U5: 0.0479
A6: 正有功平 | B6: 334.22 | C6: 478.39 | D6: =C6-B6 -> 144.17 | E6: 100 | F6: =D6*E6 -> 14417 | H6: 2.4 | I6: 4.74 | J6: =I6-H6 -> 2.34 | K6: 1000 | L6: =J6*K6 -> 2340 | M6: =F6-L6 -> 12077 | N6: 0.59811175 | O6: =M6*N6 -> 7223.3956 | Q6: 上网环节线损电费 | R6: 0.0315 | S6: 0.0252 | T6: 0.0148 | U6: 0.0056
A7: 正有功谷 | B7: 38.31 | C7: 53.66 | D7: =C7-B7 -> 15.35 | E7: 100 | F7: =D7*E7 -> 1535 | H7: 0.21 | I7: 0.36 | J7: =I7-H7 -> 0.15 | K7: 1000 | L7: =J7*K7 -> 150 | M7: 1350 | N7: 0.23752675 | O7: =M7*N7 -> 320.66111 | Q7: 系统运行费用 | R7: 0.0429 | S7: 0.0343 | T7: 0.0202 | U7: 0.00077
A8: 正有功总 | B8: 780.46 | C8: 1117.15 | D8: 193.29 | E8: 100 | F8: =SUM(F4:F7) -> 33668 | H8: 5.1 | I8: 10.4 | J8: =I8-H8 -> 5.3 | K8: 1000 | L8: =J8*K8 -> 5300 | M8: =SUM(M4:M7) -> 28323 | O8: =SUM(O4:O7) -> 24103.577 | Q8: 基金及附加费单价 | R8: 0.02766875 | S8: 0.02766875 | T8: 0.02766875 | U8: 0.02766875
A9: 发电总量-反向数据上网电量*电价*9折。 折后价 | O9: =O8*0.9 -> 21693.219 | R9: =SUM(R4:R8) -> 1.2274117 | S9: =SUM(S4:S8) -> 0.99742175 | T9: =SUM(T4:T8) -> 0.59811175 | U9: =SUM(U4:U8) -> 0.23752675
A10: 联系电话：18938973683 | N10: 制作： | O10: 曹贤奎

Sheet 202508特旺 (3)
A1: 特旺光伏项目发电统计表（2025年8月）
A2: 正向数据 | H2: 反向数据 | M2: 自发用电量/金额
A3: 类别 | B3: 上月表数 | C3: 本月表数 | D3: 电表用理 | E3: 倍率 | F3: 发电量 | H3: 上月表数 | I3: 本月表数 | J3: 电表用理 | K3: 倍率 | L3: 上网电量 | M3: 实际用电数 | N3: 电价 | O3: 金额 | R3: 尖峰 | S3: 峰 | T3: 平 | U3: 谷
A4: 正有功尖峰 | B4: 295.19 | C4: 380.79 | D4: =C4-B4 -> 85.6 | E4: 100 | F4: =D4*E4 -> 8560 | H4: 2.67 | I4: 6.11 | J4: =I4-H4 -> 3.44 | K4: 1000 | L4: =J4*K4 -> 3440 | M4: =F4-L4 -> 5120 | N4: 1.2274117 | O4: =M4*N4 -> 6284.3482 | Q4: 电量电费 | R4: 0.857543 | S4: 0.696053 | T4: 0.409443 | U4: 0.155588
A5: 正有功峰 | B5: 289.89 | C5: 369.64 | D5: =C5-B5 -> 79.75 | E5: 100 | F5: =D5*E5 -> 7975 | H5: 2.62 | I5: 5.97 | J5: =I5-H5 -> 3.35 | K5: 1000 | L5: =J5*K5 -> 3350 | M5: =F5-L5 -> 4625 | N5: 0.99742175 | O5: =M5*N5 -> 4613.0756 | Q5: 输配电费 | R5: 0.2678 | S5: 0.2142 | T5: 0.126 | U5: 0.0479
A6: 正有功平 | B6: 478.39 | C6: 601.24 | D6: =C6-B6 -> 122.85 | E6: 100 | F6: =D6*E6 -> 12285 | H6: 4.74 | I6: 10.44 | J6: =I6-H6 -> 5.7 | K6: 1000 | L6: =J6*K6 -> 5700 | M6: =F6-L6 -> 6585 | N6: 0.59811175 | O6: =M6*N6 -> 3938.5659 | Q6: 上网环节线损电费 | R6: 0.0315 | S6: 0.0252 | T6: 0.0148 | U6: 0.0056
A7: 正有功谷 | B7: 53.66 | C7: 66.36 | D7: =C7-B7 -> 12.7 | E7: 100 | F7: =D7*E7 -> 1270 | H7: 0.36 | I7: 0.74 | J7: =I7-H7 -> 0.38 | K7: 1000 | L7: =J7*K7 -> 380 | M7: =F7-L7 -> 890 | N7: 0.23752675 | O7: =M7*N7 -> 211.39881 | Q7: 系统运行费用 | R7: 0.0429 | S7: 0.0343 | T7: 0.0202 | U7: 0.00077
A8: 正有功总 | B8: 1117.15 | C8: 1418.04 | D8: =C8-B8 -> 300.89 | E8: 100 | F8: =D8*E8 -> 30089 | H8: 10.4 | I8: 23.28 | J8: =I8-H8 -> 12.88 | K8: 1000 | L8: =J8*K8 -> 12880 | M8: =SUM(M4:M7) -> 17220 | O8: =SUM(O4:O7) -> 15047.388 | Q8: 基金及附加费单价 | R8: 0.02766875 | S8: 0.02766875 | T8: 0.02766875 | U8: 0.02766875
A9: 发电总量-反向数据上网电量*电价*9折。 折后价 | O9: =O8*0.9 -> 13542.65 | R9: =SUM(R4:R8) -> 1.2274117 | S9: =SUM(S4:S8) -> 0.99742175 | T9: =SUM(T4:T8) -> 0.59811175 | U9: =SUM(U4:U8) -> 0.23752675
A10: 联系电话：18938973683 | N10: 制作： | O10: 曹贤奎

Sheet 202509特旺 (2)
A1: 特旺光伏项目发电统计表（2025年9月）
A2: 正向数据 | H2: 反向数据 | M2: 自发用电量/金额
A3: 类别 | B3: 上月表数 | C3: 本月表数 | D3: 电表用理 | E3: 倍率 | F3: 发电量 | H3: 上月表数 | I3: 本月表数 | J3: 电表用理 | K3: 倍率 | L3: 上网电量 | M3: 实际用电数 | N3: 电价 | O3: 金额 | R3: 尖峰 | S3: 峰 | T3: 平 | U3: 谷
A4: 正有功尖峰 | B4: 380.79 | C4: 455.67 | D4: =C4-B4 -> 74.88 | E4: 100 | F4: =D4*E4 -> 7488 | H4: 6.11 | I4: 6.48 | J4: =I4-H4 -> 0.37 | K4: 1000 | L4: =J4*K4 -> 370 | M4: =F4-L4 -> 7118 | N4: 1.2622228 | O4: =M4*N4 -> 8984.5015 | Q4: 电量电费 | R4: 0.859854 | S4: 0.696424 | T4: 0.409661 | U4: 0.155671
A5: 正有功峰 | B5: 369.64 | C5: 443.59 | D5: =C5-B5 -> 73.95 | E5: 100 | F5: =D5*E5 -> 7395 | H5: 5.97 | I5: 6.36 | J5: =I5-H5 -> 0.39 | K5: 1000 | L5: =J5*K5 -> 390 | M5: =F5-L5 -> 7005 | N5: 1.0237927 | O5: =M5*N5 -> 7171.6682 | Q5: 输配电费 | R5: 0.2678 | S5: 0.2142 | T5: 0.126 | U5: 0.0479
A6: 正有功平 | B6: 601.24 | C6: 731.69 | D6: =C6-B6 -> 130.45 | E6: 100 | F6: =D6*E6 -> 13045 | H6: 10.44 | I6: 11.42 | J6: =I6-H6 -> 0.98 | K6: 1000 | L6: =J6*K6 -> 980 | M6: =F6-L6 -> 12065 | N6: 0.58203975 | O6: =M6*N6 -> 7022.3096 | Q6: 上网环节线损电费 | R6: 0.0323 | S6: 0.0258 | T6: 0.0152 | U6: 0.0058
A7: 正有功谷 | B7: 66.36 | C7: 77.09 | D7: =C7-B7 -> 10.73 | E7: 100 | F7: =D7*E7 -> 1073 | H7: 0.74 | I7: 0.77 | J7: =I7-H7 -> 0.03 | K7: 1000 | L7: =J7*K7 -> 30 | M7: =F7-L7 -> 1043 | N7: 0.25033975 | O7: =M7*N7 -> 261.10436 | Q7: 系统运行费用 | R7: 0.0746 | S7: 0.0597 | T7: 0.00351 | U7: 0.0133
A8: 正有功总 | B8: 1418.04 | C8: 1708.05 | D8: =C8-B8 -> 290.01 | E8: 100 | F8: =D8*E8 -> 29001 | H8: 23.28 | I8: 25.06 | J8: =I8-H8 -> 1.78 | K8: 1000 | L8: =J8*K8 -> 1780 | M8: =F8-L8 -> 27221 | O8: =SUM(O4:O7) -> 23439.584 | Q8: 基金及附加费单价 | R8: 0.02766875 | S8: 0.02766875 | T8: 0.02766875 | U8: 0.02766875
A9: 发电总量-反向数据上网电量*电价*9折。 折后价 | O9: =O8*0.9 -> 21095.625 | R9: =SUM(R4:R8) -> 1.2622228 | S9: =SUM(S4:S8) -> 1.0237927 | T9: =SUM(T4:T8) -> 0.58203975 | U9: =SUM(U4:U8) -> 0.25033975
A10: 联系电话：18938973683 | N10: 制作： | O10: 曹贤奎

Sheet 202510特旺 (3)
A1: 特旺光伏项目发电统计表（2025年10月）
A2: 正向数据 | H2: 反向数据 | M2: 自发用电量/金额
A3: 类别 | B3: 上月表数 | C3: 本月表数 | D3: 电表用理 | E3: 倍率 | F3: 发电量 | H3: 上月表数 | I3: 本月表数 | J3: 电表用理 | K3: 倍率 | L3: 上网电量 | M3: 实际用电数 | N3: 电价 | O3: 金额 | R3: 尖峰 | S3: 峰 | T3: 平 | U3: 谷
A4: 正有功尖峰 | B4: 455.67 | C4: 535.26 | D4: =C4-B4 -> 79.59 | E4: 100 | F4: =D4*E4 -> 7959 | H4: 6.48 | I4: 7.19 | J4: =I4-H4 -> 0.71 | K4: 1000 | L4: =J4*K4 -> 710 | M4: =F4-L4 -> 7249 | N4: 1.2860258 | O4: =M4*N4 -> 9322.4007 | Q4: 电量电费 | R4: 0.858557 | S4: 0.696407 | T4: 0.409651 | U4: 0.155668
A5: 正有功峰 | B5: 443.59 | C5: 514.21 | D5: =C5-B5 -> 70.62 | E5: 100 | F5: =D5*E5 -> 7062 | H5: 6.36 | I5: 6.92 | J5: =I5-H5 -> 0.56 | K5: 1000 | L5: =J5*K5 -> 560 | M5: =F5-L5 -> 6502 | N5: 1.0438757 | O5: =M5*N5 -> 6787.2801 | Q5: 输配电费 | R5: 0.2678 | S5: 0.2142 | T5: 0.126 | U5: 0.0479
A6: 正有功平 | B6: 731.69 | C6: 857.67 | D6: =C6-B6 -> 125.98 | E6: 100 | F6: =D6*E6 -> 12598 | H6: 11.42 | I6: 12.52 | J6: =I6-H6 -> 1.1 | K6: 1000 | L6: =J6*K6 -> 1100 | M6: =F6-L6 -> 11498 | N6: 0.62541975 | O6: =M6*N6 -> 7191.0763 | Q6: 上网环节线损电费 | R6: 0.0321 | S6: 0.0257 | T6: 0.0151 | U6: 0.0057
A7: 正有功谷 | B7: 77.09 | C7: 85.59 | D7: =C7-B7 -> 8.5 | E7: 100 | F7: =D7*E7 -> 850 | H7: 0.77 | I7: 0.82 | J7: =I7-H7 -> 0.05 | K7: 1000 | L7: =J7*K7 -> 50 | M7: =F7-L7 -> 800 | N7: 0.25393675 | O7: =M7*N7 -> 203.1494 | Q7: 系统运行费用 | R7: 0.0999 | S7: 0.0799 | T7: 0.047 | U7: 0.017
A8: 正有功总 | B8: 1708.05 | C8: 1992.75 | D8: =C8-B8 -> 284.7 | E8: 100 | F8: =D8*E8 -> 28470 | H8: 25.06 | I8: 27.46 | J8: =I8-H8 -> 2.4 | K8: 1000 | L8: =J8*K8 -> 2400 | M8: =F8-L8 -> 26070 | O8: =SUM(O4:O7) -> 23503.906 | Q8: 基金及附加费单价 | R8: 0.02766875 | S8: 0.02766875 | T8: 0.02766875 | U8: 0.02766875
A9: 发电总量-反向数据上网电量*电价*9折。 折后价 | O9: =O8*0.9 -> 21153.516 | R9: =SUM(R4:R8) -> 1.2860258 | S9: =SUM(S4:S8) -> 1.0438757 | T9: =SUM(T4:T8) -> 0.62541975 | U9: =SUM(U4:U8) -> 0.25393675
A10: 联系电话：18938973683 | N10: 制作： | O10: 曹贤奎

Sheet 202511特旺 (2)
A1: 特旺光伏项目发电统计表（2025年11月）
A2: 正向数据 | H2: 反向数据 | M2: 自发用电量/金额
A3: 类别 | B3: 上月表数 | C3: 本月表数 | D3: 电表用理 | E3: 倍率 | F3: 发电量 | H3: 上月表数 | I3: 本月表数 | J3: 电表用理 | K3: 倍率 | L3: 上网电量 | M3: 实际用电数 | N3: 电价 | O3: 金额 | R3: 尖峰 | S3: 峰 | T3: 平 | U3: 谷
A4: 正有功尖峰 | B4: 535.26 | C4: 592.36 | D4: =C4-B4 -> 57.1 | E4: 100 | F4: =D4*E4 -> 5710 | H4: 7.19 | I4: 7.69 | J4: =I4-H4 -> 0.5 | K4: 1000 | L4: =J4*K4 -> 500 | M4: =F4-L4 -> 5210 | N4: 1.1033218 | O4: =M4*N4 -> 5748.3063 | Q4: 电量电费 | S4: 0.695853 | T4: 0.409326 | U4: 0.155544
A5: 正有功峰 | B5: 514.21 | C5: 569.58 | D5: =C5-B5 -> 55.37 | E5: 100 | F5: =D5*E5 -> 5537 | H5: 6.92 | I5: 7.36 | J5: =I5-H5 -> 0.44 | K5: 1000 | L5: =J5*K5 -> 440 | M5: =F5-L5 -> 5097 | N5: 1.1033218 | O5: =M5*N5 -> 5623.631 | Q5: 输配电费 | S5: 0.2142 | T5: 0.126 | U5: 0.0479
A6: 正有功平 | B6: 857.67 | C6: 956.58 | D6: =C6-B6 -> 98.91 | E6: 100 | F6: =D6*E6 -> 9891 | H6: 12.52 | I6: 13.45 | J6: =I6-H6 -> 0.93 | K6: 1000 | L6: =J6*K6 -> 930 | M6: =F6-L6 -> 8961 | N6: 0.66039475 | O6: =M6*N6 -> 5917.7974 | Q6: 上网环节线损电费 | S6: 0.0264 | T6: 0.0155 | U6: 0.0059
A7: 正有功谷 | B7: 85.59 | C7: 88.9 | D7: =C7-B7 -> 3.31 | E7: 100 | F7: =D7*E7 -> 331 | H7: 0.82 | I7: 6.28 | J7: =I7-H7 -> 5.46 | K7: 1000 | L7: =J7*K7 -> 5460 | M7: =F7-L7 -> -5129 | N7: 0.26811275 | O7: =M7*N7 -> -1375.1503 | Q7: 系统运行费用 | S7: 0.1392 | T7: 0.0819 | U7: 0.0311
A8: 正有功总 | B8: 1992.75 | C8: 2206.96 | D8: =C8-B8 -> 214.21 | E8: 100 | F8: =D8*E8 -> 21421 | H8: 27.46 | I8: 29.36 | J8: =I8-H8 -> 1.9 | K8: 1000 | L8: =J8*K8 -> 1900 | M8: =F8-L8 -> 19521 | O8: =SUM(O4:O7) -> 15914.584 | Q8: 基金及附加费单价 | S8: 0.02766875 | T8: 0.02766875 | U8: 0.02766875
A9: 发电总量-反向数据上网电量*电价*9折。 折后价 | O9: =O8*0.9 -> 14323.126 | S9: =SUM(S4:S8) -> 1.1033218 | T9: =SUM(T4:T8) -> 0.66039475 | U9: =SUM(U4:U8) -> 0.26811275
A10: 联系电话：18938973683 | N10: 制作： | O10: 曹贤奎

Sheet 202512特旺
A1: 特旺光伏项目发电统计表（2025年12月）
A2: 正向数据 | H2: 反向数据 | M2: 自发用电量/金额
A3: 类别 | B3: 上月表数 | C3: 本月表数 | D3: 电表用理 | E3: 倍率 | F3: 发电量 | H3: 上月表数 | I3: 本月表数 | J3: 电表用理 | K3: 倍率 | L3: 上网电量 | M3: 实际用电数 | N3: 电价 | O3: 金额 | R3: 尖峰 | S3: 峰 | T3: 平 | U3: 谷
A4: 正有功尖峰 | B4: 592.36 | C4: 653.03 | D4: =C4-B4 -> 60.67 | E4: 100 | F4: =D4*E4 -> 6067 | H4: 7.69 | I4: 7.98 | J4: =I4-H4 -> 0.29 | K4: 1000 | L4: =J4*K4 -> 290 | M4: =F4-L4 -> 5777 | N4: 1.5426718 | O4: =M4*N4 -> 8912.0147 | Q4: 电量电费 | R4: 0.695903 | S4: 0.695903 | T4: 0.409355 | U4: 0.155555
A5: 正有功峰 | B5: 569.58 | C5: 624.5 | D5: =C5-B5 -> 54.92 | E5: 100 | F5: =D5*E5 -> 5492 | H5: 7.36 | I5: 14.79 | J5: =I5-H5 -> 7.43 | K5: 1000 | L5: =J5*K5 -> 7430 | M5: =F5-L5 -> -1938 | N5: 1.5426718 | O5: =M5*N5 -> -2989.6979 | Q5: 输配电费 | R5: =0.2678+0.2142 -> 0.482 | S5: 0.2142 | T5: 0.126 | U5: 0.0479
A6: 正有功平 | B6: 956.58 | C6: 1053.65 | D6: =C6-B6 -> 97.07 | E6: 100 | F6: =D6*E6 -> 9707 | H6: 13.45 | I6: 0.86 | J6: =I6-H6 -> -12.59 | K6: 1000 | L6: =J6*K6 -> -12590 | M6: =F6-L6 -> 22297 | N6: 0.65112375 | O6: =M6*N6 -> 14518.106 | Q6: 上网环节线损电费 | R6: =0.0334+0.0267 -> 0.0601 | S6: 0.0267 | T6: 0.0157 | U6: 0.006
A7: 正有功谷 | B7: 88.9 | C7: 90.67 | D7: =C7-B7 -> 1.77 | E7: 100 | F7: =D7*E7 -> 177 | H7: 6.28 | I7: 6.96 | J7: =I7-H7 -> 0.68 | K7: 1000 | L7: =J7*K7 -> 680 | M7: =F7-L7 -> -503 | N7: 0.26462375 | O7: =M7*N7 -> -133.10575 | Q7: 系统运行费用 | R7: =0.1539+0.1231 -> 0.277 | S7: 0.1231 | T7: 0.0724 | U7: 0.0275
A8: 正有功总 | B8: 2206.96 | C8: 2421.86 | D8: =C8-B8 -> 214.9 | E8: 100 | F8: =D8*E8 -> 21490 | H8: 29.36 | I8: 8.31 | J8: =I8-H8 -> -21.05 | K8: 1000 | L8: =J8*K8 -> -21050 | M8: =F8-L8 -> 42540 | O8: =SUM(O4:O7) -> 20307.317 | Q8: 基金及附加费单价 | R8: 0.02766875 | S8: 0.02766875 | T8: 0.02766875 | U8: 0.02766875
A9: 发电总量-反向数据上网电量*电价*9折。 折后价 | O9: =O8*0.9 -> 18276.586 | R9: =SUM(R4:R8) -> 1.5426718 | S9: =SUM(S4:S8) -> 1.0875717 | T9: =SUM(T4:T8) -> 0.65112375 | U9: =SUM(U4:U8) -> 0.26462375
A10: 联系电话：18938973683 | N10: 制作： | O10: 曹贤奎

Sheet 每月汇总
A1: 2025年4月特旺光伏项目发电统计表
A2: 用户号 | B2: 发电表号 | C2: 发电表资产编号 | D2: 上网表号 | E2: 上网表资产号 | F2: 发电量 | G2: 上网电量 | H2: 实际用电数 | I2: 金额 | J2: 上网费
A3: 0319009900152123 | B3: 0319700337706620 | C3: 03591SF00000002402908536 | D3: 0319700356999007 | E3: 03001SG00011312000002494 | F3: ='202504'!F8 -> 19329 | G3: ='202504'!L8 -> 280 | H3: ='202504 特'!M8 -> 19049 | I3: ='202504 特'!O9 -> 13946.752 | J3: ='202504'!Q8 -> 126.84
A4: 2025年5月特旺光伏项目发电统计表
A5: {=A3:E3} -> 0319009900152123 | B5: 0319700337706620 | C5: 03591SF00000002402908536 | D5: 0319700356999007 | E5: 03001SG00011312000002494 | F5: ='202505'!F8 -> 27238 | G5: ='202505'!L8 -> 2510 | H5: ='202505特旺'!M8 -> 24728 | I5: ='202505特旺'!O9 -> 17520.189 | J5: ='202505'!Q8 -> 1137.03
A6: 2025年6月特旺光伏项目发电统计表
A7: {=A5:E5} -> 0319009900152123 | B7: 0319700337706620 | C7: 03591SF00000002402908536 | D7: 0319700356999007 | E7: 03001SG00011312000002494 | F7: ='202506特旺 (2)'!F8 -> 31479 | G7: ='202506特旺 (2)'!L8 -> 2310 | H7: ='202506特旺 (2)'!M8 -> 28960 | I7: ='202506特旺 (2)'!O9 -> 22383.594
A8: 2025年7月特旺光伏项目发电统计表
A9: {=A7:E7} -> 0319009900152123 | B9: 0319700337706620 | C9: 03591SF00000002402908536 | D9: 0319700356999007 | E9: 03001SG00011312000002494 | F9: ='202507特旺 (3)'!F8 -> 33668 | G9: ='202507特旺 (3)'!L8 -> 5300 | H9: ='202507特旺 (3)'!M8 -> 28323 | I9: ='202507特旺 (3)'!O9 -> 21693.219
A10: 2025年8月特旺光伏项目发电统计表
A11: {=A9:E9} -> 0319009900152123 | B11: 0319700337706620 | C11: 03591SF00000002402908536 | D11: 0319700356999007 | E11: 03001SG00011312000002494 | F11: ='202508特旺 (3)'!F8 -> 30089 | G11: ='202508特旺 (3)'!L8 -> 12880 | H11: ='202508特旺 (3)'!M8 -> 17220 | I11: ='202508特旺 (3)'!O9 -> 13542.65
A12: 2025年9月特旺光伏项目发电统计表
A13: {=A11:E11} -> 0319009900152123 | B13: 0319700337706620 | C13: 03591SF00000002402908536 | D13: 0319700356999007 | E13: 03001SG00011312000002494 | F13: ='202509特旺 (2)'!F8 -> 29001 | G13: ='202509特旺 (2)'!L8 -> 1780 | H13: ='202509特旺 (2)'!M8 -> 27221 | I13: ='202509特旺 (2)'!O9 -> 21095.625
A14: 2025年10月特旺光伏项目发电统计表
A15: {=A13:E13} -> 0319009900152123 | B15: 0319700337706620 | C15: 03591SF00000002402908536 | D15: 0319700356999007 | E15: 03001SG00011312000002494 | F15: ='202510特旺 (3)'!F8 -> 28470 | G15: ='202510特旺 (3)'!L8 -> 2400 | H15: ='202510特旺 (3)'!M8 -> 26070 | I15: ='202510特旺 (3)'!O9 -> 21153.516
A16: 2025年11月特旺光伏项目发电统计表
A17: {=A15:E15} -> 0319009900152123 | B17: 0319700337706620 | C17: 03591SF00000002402908536 | D17: 0319700356999007 | E17: 03001SG00011312000002494 | F17: ='202511特旺 (2)'!F8 -> 21421 | G17: ='202511特旺 (2)'!L8 -> 1900 | H17: ='202511特旺 (2)'!M8 -> 19521 | I17: ='202511特旺 (2)'!O9 -> 14323.126
A18: 2025年12月特旺光伏项目发电统计表
A19: {=A17:E17} -> 0319009900152123 | B19: 0319700337706620 | C19: 03591SF00000002402908536 | D19: 0319700356999007 | E19: 03001SG00011312000002494 | F19: ='202512特旺'!F8 -> 21490 | G19: ='202512特旺'!L8 -> -21050 | H19: ='202512特旺'!M8 -> 42540 | I19: ='202512特旺'!O9 -> 18276.586
