Workbook

Sheet 202601
A1: 智荟先进制造产业园光伏项目发电统计表（2026年1月）
A2: 正向数据 | G2: 反向数据 | L2: 自发用电量/金额 | O2: 供电局上网 | S2: 尖峰 | T2: 峰 | U2: 平 | V2: 谷
A3: 类别 | B3: 上月表数 | C3: 本月表数 | D3: 电表用理 | E3: 倍率 | F3: 用电量 | G3: 上月表数 | H3: 本月表数 | I3: 电表用理 | J3: 倍率 | K3: 用电量 | L3: 实际用电数 | M3: 电价 | N3: 金额 | O3: 上网电价 | P3: 上网金额 | Q3: 用户号0946000082501856 | R3: 电量电费 | T3: 0.633694 | U3: 0.414179 | V3: 0.132537
A4: 正有功尖峰 | B4: 657.21 | C4: 717.44 | D4: =C4-B4 -> 60.23 | E4: 400 | F4: =D4*E4 -> 24092 | G4: 6.4 | H4: 7.21 | I4: =H4-G4 -> 0.81 | J4: 1500 | K4: =I4*J4 -> 1215 | L4: =F4-K4 -> 22877 | M4: 1.0465628 | N4: =L4*M4 -> 23942.216 | O4: 0.404517 | P4: =O4*K4 -> 491.48816 | Q4: 发电表0946070038961957 | R4: 输配电费 | T4: 0.2786 | U4: 0.1804 | V4: 0.0567
A5: 正有功峰 | B5: 626.48 | C5: 682.36 | D5: =C5-B5 -> 55.88 | E5: 400 | F5: =D5*E5 -> 22352 | G5: 5.7 | H5: 6.28 | I5: =H5-G5 -> 0.58 | J5: 1500 | K5: =I5*J5 -> 870 | L5: =F5-K5 -> 21482 | M5: 1.0465628 | N5: =L5*M5 -> 22482.261 | O5: 0.404517 | P5: =O5*K5 -> 351.92979 | Q5: 发电表资产编号09001SF00000042207349302 | R5: 系统运行费用 | T5: 0.1066 | U5: 0.069 | V5: 0.0217
A6: 正有功平 | B6: 1046.07 | C6: 1137.93 | D6: =C6-B6 -> 91.86 | E6: 400 | F6: =D6*E6 -> 36744 | G6: 15.77 | H6: 18.51 | I6: =H6-G6 -> 2.74 | J6: 1500 | K6: =I6*J6 -> 4110 | L6: =F6-K6 -> 32634 | M6: 0.69124775 | N6: =L6*M6 -> 22558.179 | O6: 0.404517 | P6: =O6*K6 -> 1662.5649 | Q6: 上网表号0946070038924024 | R6: 基金及附加费单价 | T6: 0.02766875 | U6: 0.02766875 | V6: 0.02766875
A7: 正有功谷 | B7: 89.63 | C7: 91.12 | D7: =C7-B7 -> 1.49 | E7: 400 | F7: =D7*E7 -> 596 | G7: 0.03 | H7: 0.03 | I7: =H7-G7 -> 0 | J7: 1500 | K7: =I7*J7 -> 0 | L7: =F7-K7 -> 596 | M7: 0.23860575 | N7: =L7*M7 -> 142.20903 | O7: 0.404517 | P7: =O7*K7 -> 0 | Q7: 上网表资产号09001SG00000061804340887 | S7: =SUM(S3:S6) -> 0 | T7: =SUM(T3:T6) -> 1.0465628 | U7: =SUM(U3:U6) -> 0.69124775 | V7: =SUM(V3:V6) -> 0.23860575
A8: 正有功总 | B8: 2419.41 | C8: 2628.87 | D8: =C8-B8 -> 209.46 | E8: 400 | F8: =D8*E8 -> 83784 | G8: 27.92 | H8: 32.05 | I8: =H8-G8 -> 4.13 | J8: 1500 | K8: =I8*J8 -> 6195 | L8: =F8-K8 -> 77589 | N8: =SUM(N4:N7) -> 69124.865 | P8: =SUM(P4:P7) -> 2505.9828
A9: 联系电话：18938973683 | M9: 制作： | N9: 曹贤奎

Sheet 每月汇总
A1: 2026年1月智荟先进制造产业园光伏项目发电统计表
A2: 用户号 | B2: 发电表号 | C2: 发电表资产编号 | D2: 上网表号 | E2: 上网表资产号 | F2: 发电量 | G2: 上网电量 | H2: 实际用电数 | I2: 金额 | J2: 上网费
A3: ='202601'!Q3 -> 用户号0946000082501856 | B3: ='202601'!Q4 -> 发电表0946070038961957 | C3: ='202601'!Q5 -> 发电表资产编号09001SF00000042207349302 | D3: ='202601'!Q6 -> 上网表号0946070038924024 | E3: ='202601'!Q7 -> 上网表资产号09001SG00000061804340887 | F3: ='202601'!F8 -> 83784 | G3: ='202601'!K8 -> 6195 | H3: ='202601'!L8 -> 77589 | I3: ='202601'!N8 -> 69124.865
