Workbook

Sheet 首熙20261月
A1: 深圳市首熙机械设备有限公司1月电费单
A2: 正向数据 | I2: 反向数据 | N2: 实际用电数 | O2: 电价 | P2: 金额
A3: 电表号 | B3: 类别 | C3: 上月表数 | D3: 本月表数 | E3: 电表用理 | F3: 倍率 | G3: 用电量 | H3: 上网表号 | I3: 上月表数 | J3: 本月表数 | K3: 电表用理 | L3: 倍率 | M3: 反向用电量合计 | Q3: 用电户号0950000088133431
A4: 资产号'07348994 | B4: 正有功尖峰1 | C4: 667.12 | D4: 722.26 | E4: =D4-C4 -> 55.14 | F4: 100 | G4: =E4*F4 -> 5514 | H4: 0950050038441846 | I4: 32.66 | J4: 37.77 | K4: =J4-I4 -> 5.11 | L4: 600 | M4: =K4*L4 -> 3066 | N4: =G4-M4 -> 2448 | O4: 0.99806875 | P4: =N4*O4 -> 2443.2723
A5: 发电'0950050038124235 | B5: 正有功峰2 | C5: 625.59 | D5: 677.71 | E5: =D5-C5 -> 52.12 | F5: 100 | G5: =E5*F5 -> 5212 | I5: 30.92 | J5: 35.83 | K5: =J5-I5 -> 4.91 | L5: 600 | M5: =K5*L5 -> 2946 | N5: =G5-M5 -> 2266 | O5: 0.99806875 | P5: =N5*O5 -> 2261.6238 | Q5: 上网电表：0950050038441846
B6: 正有功平 | C6: 1074.72 | D6: 1163.15 | E6: =D6-C6 -> 88.43 | F6: 100 | G6: =E6*F6 -> 8843 | I6: 67.28 | J6: 78.19 | K6: =J6-I6 -> 10.91 | L6: 600 | M6: =K6*L6 -> 6546 | N6: =G6-M6 -> 2297 | O6: 0.65596875 | P6: =N6*O6 -> 1506.7602 | Q6: 上网电表资产表：09001SG00000062105025931
A7: 用户号：0950000088133431 | B7: 正有功谷 | C7: 88.6 | D7: 90.32 | E7: =D7-C7 -> 1.72 | F7: 100 | G7: =E7*F7 -> 172 | I7: 2.84 | J7: 2.89 | K7: =J7-I7 -> 0.05 | L7: 600 | M7: =K7*L7 -> 30 | N7: =G7-M7 -> 142 | O7: 0.22516875 | P7: =N7*O7 -> 31.973962 | Q7: 发电表号：0950050038124235
B8: 正有功总 | C8: 2456.04 | D8: 2653.45 | E8: =D8-C8 -> 197.41 | F8: 100 | G8: =E8*F8 -> 19741 | I8: 133.72 | J8: 154.69 | K8: =J8-I8 -> 20.97 | L8: 600 | M8: =K8*L8 -> 12582 | N8: =SUM(N4:N7) -> 7153 | P8: =SUM(P4:P7) -> 6243.6303 | Q8: 发电资产号09001SF00000042207348994
A9: 9.8折，折后 | N9: =P8*0.98 -> 6118.7577 | Q9: 上网表7月新装09001SG00000062307618025

Sheet 每月汇总
A1: 2025年2月深圳市首熙机械设备有限公司有限公司电费单
A2: 用户号 | B2: 发电表号 | C2: 发电表资产编号 | D2: 上网表号 | E2: 上网表资产号 | F2: 发电量 | G2: 上网电量 | H2: 实际用电数 | I2: 金额 | J2: 上网费
A3: =[1]首熙202502!A7 -> 用户号：0950000088133431 | B3: =[1]供电局抄表记录2月!A3 -> 0950050038124235 | C3: =[1]供电局抄表记录2月!B3 -> 09001SF00000042207348994 | D3: =[1]供电局抄表记录2月!A4 -> 0950050038441846 | E3: =[1]供电局抄表记录2月!B4 -> 09001SG00000062105025931 | F3: =首熙20261月!G8 -> 19741 | G3: =首熙20261月!M8 -> 12582 | H3: =首熙20261月!N8 -> 7153 | I3: =首熙20261月!N9 -> 6118.7577
