Workbook

Sheet 完美印刷202601
A1: 深圳市完美印象印刷有限公司1月电费单
A2: 正向数据 | I2: 反向数据 | N2: 实际用电数 | O2: 电价 | P2: 金额 | Q2: 用电户号0950000047355990
A3: 电表号 | B3: 类别 | C3: 上月表数 | D3: 本月表数 | E3: 电表用理 | F3: 倍率 | G3: 用电量 | H3: 上网表号 | I3: 上月表数 | J3: 本月表数 | K3: 电表用理 | L3: 倍率 | M3: 用电量
A4: 资产号09001SF0000042207348996 | B4: 正有功尖峰1 | C4: 508.78 | D4: 555.05 | E4: =D4-C4 -> 46.27 | F4: 40 | G4: =E4*F4 -> 1850.8 | H4: 0950050038441905 | I4: 784.42 | J4: 860.6 | K4: =J4-I4 -> 76.18 | L4: 20 | M4: =K4*L4 -> 1523.6 | N4: =G4-M4 -> 327.2 | O4: 0.95786875 | P4: =N4*O4 -> 313.41465 | Q4: 上网电表：0950050038441905
A5: 发电0950050038124222 | B5: 正有功峰2 | C5: 475.85 | D5: 518.43 | E5: =D5-C5 -> 42.58 | F5: 40 | G5: =E5*F5 -> 1703.2 | I5: 740.48 | J5: 814.04 | K5: =J5-I5 -> 73.56 | L5: 20 | M5: =K5*L5 -> 1471.2 | N5: =G5-M5 -> 232 | O5: 0.95786875 | P5: =N5*O5 -> 222.22555 | Q5: 上网电表资产表：09001SF00000042107007791
B6: 正有功平 | C6: 808.67 | D6: 878.15 | E6: =D6-C6 -> 69.48 | F6: 40 | G6: =E6*F6 -> 2779.2 | I6: 1380.34 | J6: 1507.01 | K6: =J6-I6 -> 126.67 | L6: 20 | M6: =K6*L6 -> 2533.4 | N6: =G6-M6 -> 245.8 | O6: 0.71406875 | P6: =N6*O6 -> 175.5181 | Q6: 发电表号：0950050038124222
A7: 用户号：0950000047355990 | B7: 正有功谷 | C7: 63.97 | D7: 65.12 | E7: =D7-C7 -> 1.15 | F7: 40 | G7: =E7*F7 -> 46 | I7: 93.9 | J7: 95.48 | K7: =J7-I7 -> 1.58 | L7: 20 | M7: =K7*L7 -> 31.6 | N7: =G7-M7 -> 14.4 | O7: 0.22636875 | P7: =N7*O7 -> 3.25971 | Q7: 发电资产号09001SF0000042207348996
B8: 正有功总 | C8: 1857.29 | D8: 2016.76 | E8: =D8-C8 -> 159.47 | F8: 40 | G8: =E8*F8 -> 6378.8 | I8: 2999.15 | J8: 3277.15 | K8: =J8-I8 -> 278 | L8: 20 | M8: =K8*L8 -> 5560 | N8: =G8-M8 -> 818.8 | P8: =SUM(P4:P7) -> 714.41801
A9: 9.8折，折后 | N9: =P8*0.98 -> 700.12965

Sheet 每月汇总
A1: 2026年1月深圳市完美印象印刷有限公司电费单
A2: 用户号 | B2: 发电表号 | C2: 发电表资产编号 | D2: 上网表号 | E2: 上网表资产号 | F2: 发电量 | G2: 上网电量 | H2: 实际用电数 | I2: 金额 | J2: 上网费
A3: ='[1]完美印刷202502 (2)'!A7 -> 用户号：0950000047355990 | B3: =[1]供电局抄表记录202502!A3 -> 0950050038124222 | C3: =[1]供电局抄表记录202502!B3 -> 09001SF00000042207348996 | D3: =[1]供电局抄表记录202502!A4 -> 0950050038441905 | E3: =[1]供电局抄表记录202502!B4 -> 09001SF00000042107007791 | F3: =完美印刷202601!G8 -> 6378.8 | G3: =完美印刷202601!M8 -> 5560 | H3: =完美印刷202601!N8 -> 818.8 | I3: =完美印刷202601!N9 -> 700.12965
