Workbook

Sheet 每月汇总
A1: 华尔特工业园光伏项目发电2026年1月统计表
A2: 用户号 | B2: 发电表号 | C2: 发电表资产编号 | D2: 上网表号 | E2: 上网表资产号 | F2: 发电量 | G2: 上网电量 | H2: 实际用电数 | I2: 金额 | J2: 上网费
A3: ='202601'!Q3 -> 0948030027271605 | B3: ='202601'!Q4 -> 0948030044326050 | C3: ='202601'!Q5 -> 09001SF00000042508942176 | D3: ='202601'!Q6 -> 0948030027271605 | E3: ='202601'!Q7 -> 09001SF00000042508942193 | F3: ='202601'!F8 -> 10606.8 | G3: ='202601'!K8 -> 6057 | H3: ='202601'!L8 -> 4549.8 | I3: ='202601'!O8 -> 3231.853
A4: ='202601'!Q13 -> 0948030037341288 | B4: ='202601'!Q14 -> 0948030044194534 | C4: ='202601'!Q15 -> 09001SF00000042509164565 | D4: ='202601'!Q16 -> 0948030037341288 | E4: ='202601'!Q17 -> 09001SF00000042508942178 | F4: ='202601'!F18 -> 2864.38 | G4: ='202601'!K18 -> 948 | H4: ='202601'!L18 -> 1916.38 | I4: ='202601'!O18 -> 1376.1422
A5: ='202601'!Q23 -> 0948030028525006 | B5: ='202601'!Q24 -> 0948030044235127 | C5: ='202601'!Q25 -> 09001SF00000042508942177 | D5: ='202601'!Q26 -> 0948030028525006 | E5: ='202601'!Q27 -> 09001SF00000042508942225 | F5: ='202601'!F28 -> 7671 | G5: ='202601'!K28 -> 7591.8 | H5: ='202601'!L28 -> 79.2 | I5: ='202601'!O28 -> 55.520284
A6: ='202601'!Q33 -> 0948030030377367 | B6: ='202601'!Q34 -> 0948030044235114 | C6: ='202601'!Q35 -> 09001SF00000042508942194 | D6: ='202601'!Q36 -> 0948030030377367 | E6: ='202601'!Q37 -> 09001SF00000042508942224 | F6: ='202601'!F38 -> 9216.6 | G6: ='202601'!K38 -> 2257 | H6: ='202601'!L38 -> 6959.6 | I6: ='202601'!O38 -> 4925.2552
A7: ='202601'!Q43 -> 0948030043388253 | B7: ='202601'!Q44 -> 0948030044266295 | C7: ='202601'!Q45 -> 09001SF00000042508942195 | D7: ='202601'!Q46 -> 0948030043388253 | E7: ='202601'!Q47 -> 09001SF00000042508942191 | F7: 9822.6 | G7: ='202601'!K48 -> 6005 | H7: ='202601'!L48 -> 3817.6 | I7: ='202601'!O48 -> 2696.2977
A8: ='202601'!Q53 -> 0948030028525149 | B8: ='202601'!Q54 -> 0948030044235101 | C8: ='202601'!Q55 -> 09001SF00000042508942196 | D8: ='202601'!Q56 -> 0948030028525149 | E8: ='202601'!Q57 -> 09001SF00000042508942190 | F8: ='202601'!F58 -> 9549.6 | G8: ='202601'!K58 -> 1341 | H8: ='202601'!L58 -> 8208.6 | I8: ='202601'!O58 -> 5765.0043
A9: ='202601'!Q63 -> 0948030043525791 | B9: ='202601'!Q64 -> 0948030044235084 | C9: ='202601'!Q65 -> 09001SF00000042508942175 | D9: ='202601'!Q66 -> 0948030043525791 | E9: ='202601'!Q67 -> 09001SF00000042508942222 | F9: ='202601'!F68 -> 16408 | G9: ='202601'!K68 -> 4889 | H9: ='202601'!L68 -> 11519 | I9: ='202601'!O68 -> 8034.6704
A10: ='202601'!Q73 -> 0948030027271562 | B10: ='202601'!Q74 -> 0948030044235097 | C10: ='202601'!Q75 -> 09001SF00000042509164566 | D10: ='202601'!Q76 -> 0948030027271562 | E10: ='202601'!Q77 -> 09001SF00000042508942223 | F10: ='202601'!F78 -> 1972.75 | G10: ='202601'!K78 -> 694.2 | H10: ='202601'!L78 -> 1278.55 | I10: ='202601'!O78 -> 900.01417
A11: ='202601'!Q83 -> 0948030027333525 | B11: ='202601'!Q84 -> 0948030045008711 | C11: ='202601'!Q85 -> 09001SF00000042508943351 | D11: ='202601'!Q86 -> 0948030027333525 | E11: ='202601'!Q87 -> 09001SF00000042508942212 | F11: ='202601'!F88 -> 8817.6 | G11: ='202601'!K88 -> 3804 | H11: ='202601'!L88 -> 5013.6 | I11: ='202601'!O88 -> 3598.3604
B12: 合计 | F12: =SUM(F3:F11) -> 76929.33 | G12: =SUM(G3:G11) -> 33587 | H12: =SUM(H3:H11) -> 43342.33 | I12: =SUM(I3:I11) -> 30583.118
A13: 华尔特工业园光伏项目发电2026年2月统计表
A18: 华尔特工业园光伏项目发电2026年3月统计表
A22: 华尔特工业园光伏项目发电2026年4月统计表
A27: 华尔特工业园光伏项目发电2026年5月统计表
A32: 华尔特工业园光伏项目发电2026年6月统计表
A37: 华尔特工业园光伏项目发电2026年7月统计表
A42: 华尔特工业园光伏项目发电2026年8月统计表
A47: 华尔特工业园光伏项目发电2026年9月统计表
A52: 华尔特工业园光伏项目发电2026年10月统计表
A57: 华尔特工业园光伏项目发电2026年11月统计表
A62: 华尔特工业园光伏项目发电2026年12月统计表

Sheet 202601
A1: 华尔特工业园光伏项目发电统计表（2026年1月）
A2: 正向数据（发电量） | G2: 反向数据（上网电量） | L2: 自发用电量/金额
A3: 类别 | B3: 上月表数 | C3: 本月表数 | D3: 电表用理 | E3: 倍率 | F3: 发电量 | G3: 上月表数 | H3: 本月表数 | I3: 电表用理 | J3: 倍率 | K3: 上网电量 | L3: 实际用电数 | M3: 原电价 | N3: 优惠后电价 | O3: 金额 | P3: 用户号 | Q3: 0948030027271605 | R3: 新建9个表
A4: 正有功尖峰 | B4: 68.92 | C4: 118.77 | D4: =C4-B4 -> 49.85 | E4: 60 | F4: =D4*E4 -> 2991 | G4: 21.12 | H4: 36.62 | I4: =H4-G4 -> 15.5 | J4: 100 | K4: =I4*J4 -> 1550 | L4: =F4-K4 -> 1441 | M4: 0.95786875 | N4: =M4-0.15 -> 0.80786875 | O4: =L4*N4 -> 1164.1389 | P4: 发电表号 | Q4: 0948030044326050
A5: 正有功峰 | B5: 66.39 | C5: 113.4 | D5: =C5-B5 -> 47.01 | E5: 60 | F5: =D5*E5 -> 2820.6 | G5: 19.01 | H5: 33.62 | I5: =H5-G5 -> 14.61 | J5: 100 | K5: =I5*J5 -> 1461 | L5: =F5-K5 -> 1359.6 | M5: 0.95786875 | N5: =M5-0.15 -> 0.80786875 | O5: =L5*N5 -> 1098.3784 | P5: 发电表资产编号 | Q5: 09001SF00000042508942176
A6: 正有功平 | B6: 119.44 | C6: 198.02 | D6: =C6-B6 -> 78.58 | E6: 60 | F6: =D6*E6 -> 4714.8 | G6: 44.46 | H6: 74.64 | I6: =H6-G6 -> 30.18 | J6: 100 | K6: =I6*J6 -> 3018 | L6: =F6-K6 -> 1696.8 | M6: 0.71406875 | N6: =M6-0.15 -> 0.56406875 | O6: =L6*N6 -> 957.11186 | P6: 上网表号 | Q6: 0948030027271605
A7: 正有功谷 | B7: 3.6 | C7: 4.95 | D7: =C7-B7 -> 1.35 | E7: 60 | F7: =D7*E7 -> 81 | G7: 1.08 | H7: 1.35 | I7: =H7-G7 -> 0.27 | J7: 100 | K7: =I7*J7 -> 27 | L7: =F7-K7 -> 54 | M7: 0.22636875 | N7: =M7 -> 0.22636875 | O7: =L7*N7 -> 12.223913 | P7: 上网表资产号 | Q7: 09001SF00000042508942193
A8: 正有功总 | B8: 258.37 | C8: 435.15 | D8: =C8-B8 -> 176.78 | E8: 60 | F8: =D8*E8 -> 10606.8 | G8: 85.67 | H8: 146.24 | I8: =H8-G8 -> 60.57 | J8: 100 | K8: =I8*J8 -> 6057 | L8: =F8-K8 -> 4549.8 | O8: =SUM(O4:O7) -> 3231.853
A9: 联系电话：18938973683 | M9: 制作： | O9: 曹贤奎
A11: 华尔特工业园光伏项目发电统计表（2026年1月）
A12: 正向数据（发电量） | G12: 反向数据（上网电量） | L12: 自发用电量/金额
A13: 类别 | B13: 上月表数 | C13: 本月表数 | D13: 电表用理 | E13: 倍率 | F13: 发电量 | G13: 上月表数 | H13: 本月表数 | I13: 电表用理 | J13: 倍率 | K13: 上网电量 | L13: 实际用电数 | M13: 原电价 | N13: 优惠后电价 | O13: 金额 | P13: 用户号 | Q13: 0948030037341288
A14: 正有功尖峰 | B14: 1082.78 | C14: 1846.27 | D14: =C14-B14 -> 763.49 | E14: 1 | F14: =D14*E14 -> 763.49 | G14: 5.51 | H14: 9.16 | I14: =H14-G14 -> 3.65 | J14: 40 | K14: =I14*J14 -> 146 | L14: =F14-K14 -> 617.49 | M14: 0.95786875 | N14: =M14-0.15 -> 0.80786875 | O14: =L14*N14 -> 498.85087 | P14: 发电表号 | Q14: 0948030044194534
A15: 正有功峰 | B15: 1079.47 | C15: 1849.74 | D15: =C15-B15 -> 770.27 | E15: 1 | F15: =D15*E15 -> 770.27 | G15: 5.81 | H15: 9.57 | I15: =H15-G15 -> 3.76 | J15: 40 | K15: =I15*J15 -> 150.4 | L15: =F15-K15 -> 619.87 | M15: 0.95786875 | N15: =M15-0.15 -> 0.80786875 | O15: =L15*N15 -> 500.7736 | P15: 发电表资产编号 | Q15: 09001SF00000042509164565
A16: 正有功平 | B16: 1983.75 | C16: 3291.94 | D16: =C16-B16 -> 1308.19 | E16: 1 | F16: =D16*E16 -> 1308.19 | G16: 30.23 | H16: 46.44 | I16: =H16-G16 -> 16.21 | J16: 40 | K16: =I16*J16 -> 648.4 | L16: =F16-K16 -> 659.79 | M16: 0.71406875 | N16: =M16-0.15 -> 0.56406875 | O16: =L16*N16 -> 372.16692 | P16: 上网表号 | Q16: 0948030037341288
A17: 正有功谷 | B17: 63.69 | C17: 86.11 | D17: =C17-B17 -> 22.42 | E17: 1 | F17: =D17*E17 -> 22.42 | G17: 1.42 | H17: 1.5 | I17: =H17-G17 -> 0.08 | J17: 40 | K17: =I17*J17 -> 3.2 | L17: =F17-K17 -> 19.22 | M17: 0.22636875 | N17: =M17 -> 0.22636875 | O17: =L17*N17 -> 4.3508074 | P17: 上网表资产号 | Q17: 09001SF00000042508942178
A18: 正有功总 | B18: 4209.69 | C18: 7074.07 | D18: =C18-B18 -> 2864.38 | E18: 1 | F18: =D18*E18 -> 2864.38 | G18: 42.99 | H18: 66.69 | I18: =H18-G18 -> 23.7 | J18: 40 | K18: =I18*J18 -> 948 | L18: =F18-K18 -> 1916.38 | O18: =SUM(O14:O17) -> 1376.1422
A19: 联系电话：18938973683 | N19: 制作： | O19: 曹贤奎
A21: 华尔特工业园光伏项目发电统计表（2026年1月）
A22: 正向数据（发电量） | G22: 反向数据（上网电量） | L22: 自发用电量/金额
A23: 类别 | B23: 上月表数 | C23: 本月表数 | D23: 电表用理 | E23: 倍率 | F23: 发电量 | G23: 上月表数 | H23: 本月表数 | I23: 电表用理 | J23: 倍率 | K23: 上网电量 | L23: 实际用电数 | M23: 原电价 | N23: 优惠后电价 | O23: 金额 | P23: 用户号 | Q23: 0948030028525006
A24: 正有功尖峰 | B24: 58.73 | C24: 97.8 | D24: =C24-B24 -> 39.07 | E24: 60 | F24: =D24*E24 -> 2344.2 | G24: 57.84 | H24: 96.45 | I24: =H24-G24 -> 38.61 | J24: 60 | K24: =I24*J24 -> 2316.6 | L24: =F24-K24 -> 27.6 | M24: 0.95786875 | N24: =M24-0.15 -> 0.80786875 | O24: =L24*N24 -> 22.297177 | P24: 发电表号 | Q24: 0948030044235127
A25: 正有功峰 | B25: 55.42 | C25: 90.53 | D25: =C25-B25 -> 35.11 | E25: 60 | F25: =D25*E25 -> 2106.6 | G25: 54.79 | H25: 89.54 | I25: =H25-G25 -> 34.75 | J25: 60 | K25: =I25*J25 -> 2085 | L25: =F25-K25 -> 21.6 | M25: 0.95786875 | N25: =M25-0.15 -> 0.80786875 | O25: =L25*N25 -> 17.449965 | P25: 发电表资产编号 | Q25: 09001SF00000042508942177
A26: 正有功平 | B26: 92 | C26: 144.91 | D26: =C26-B26 -> 52.91 | E26: 60 | F26: =D26*E26 -> 3174.6 | G26: 91.06 | H26: 143.52 | I26: =H26-G26 -> 52.46 | J26: 60 | K26: =I26*J26 -> 3147.6 | L26: =F26-K26 -> 27 | M26: 0.71406875 | N26: =M26-0.15 -> 0.56406875 | O26: =L26*N26 -> 15.229856 | P26: 上网表号 | Q26: 0948030028525006
A27: 正有功谷 | B27: 2.25 | C27: 3 | D27: =C27-B27 -> 0.75 | E27: 60 | F27: =D27*E27 -> 45 | G27: 2.15 | H27: 2.86 | I27: =H27-G27 -> 0.71 | J27: 60 | K27: =I27*J27 -> 42.6 | L27: =F27-K27 -> 2.4 | M27: 0.22636875 | N27: =M27 -> 0.22636875 | O27: =L27*N27 -> 0.543285 | P27: 上网表资产号 | Q27: 09001SF00000042508942225
A28: 正有功总 | B28: 208.41 | C28: 336.26 | D28: =C28-B28 -> 127.85 | E28: 60 | F28: =D28*E28 -> 7671 | G28: 205.86 | H28: 332.39 | I28: =H28-G28 -> 126.53 | J28: 60 | K28: =I28*J28 -> 7591.8 | L28: =F28-K28 -> 79.2 | O28: =SUM(O24:O27) -> 55.520284
A29: 联系电话：18938973683 | M29: 制作： | O29: 曹贤奎
A31: 华尔特工业园光伏项目发电统计表（2026年1月）
A32: 正向数据（发电量） | G32: 反向数据（上网电量） | L32: 自发用电量/金额
A33: 类别 | B33: 上月表数 | C33: 本月表数 | D33: 电表用理 | E33: 倍率 | F33: 发电量 | G33: 上月表数 | H33: 本月表数 | I33: 电表用理 | J33: 倍率 | K33: 上网电量 | L33: 实际用电数 | M33: 原电价 | N33: 优惠后电价 | O33: 金额 | P33: 用户号 | Q33: 0948030030377367
A34: 正有功尖峰 | B34: 65.14 | C34: 106.88 | D34: =C34-B34 -> 41.74 | E34: 60 | F34: =D34*E34 -> 2504.4 | G34: 13.56 | H34: 18.72 | I34: =H34-G34 -> 5.16 | J34: 100 | K34: =I34*J34 -> 516 | L34: =F34-K34 -> 1988.4 | M34: 0.95786875 | N34: =M34-0.15 -> 0.80786875 | O34: =L34*N34 -> 1606.3662 | P34: 发电表号 | Q34: 0948030044235114
A35: 正有功峰 | B35: 63.34 | C35: 103.75 | D35: =C35-B35 -> 40.41 | E35: 60 | F35: =D35*E35 -> 2424.6 | G35: 8.75 | H35: 11.07 | I35: =H35-G35 -> 2.32 | J35: 100 | K35: =I35*J35 -> 232 | L35: =F35-K35 -> 2192.6 | M35: 0.95786875 | N35: =M35-0.15 -> 0.80786875 | O35: =L35*N35 -> 1771.333 | P35: 发电表资产编号 | Q35: 09001SF00000042508942194
A36: 正有功平 | B36: 119.81 | C36: 190.25 | D36: =C36-B36 -> 70.44 | E36: 60 | F36: =D36*E36 -> 4226.4 | G36: 31.4 | H36: 46.47 | I36: =H36-G36 -> 15.07 | J36: 100 | K36: =I36*J36 -> 1507 | L36: =F36-K36 -> 2719.4 | M36: 0.71406875 | N36: =M36-0.15 -> 0.56406875 | O36: =L36*N36 -> 1533.9286 | P36: 上网表号 | Q36: 0948030030377367
A37: 正有功谷 | B37: 3.05 | C37: 4.07 | D37: =C37-B37 -> 1.02 | E37: 60 | F37: =D37*E37 -> 61.2 | G37: 0 | H37: 0.01 | I37: =H37-G37 -> 0.01 | J37: 100 | K37: =I37*J37 -> 1 | L37: =F37-K37 -> 60.2 | M37: 0.22636875 | N37: =M37 -> 0.22636875 | O37: =L37*N37 -> 13.627399 | P37: 上网表资产号 | Q37: 09001SF00000042508942224
A38: 正有功总 | B38: 251.36 | C38: 404.97 | D38: =C38-B38 -> 153.61 | E38: 60 | F38: =D38*E38 -> 9216.6 | G38: 53.72 | H38: 76.29 | I38: =H38-G38 -> 22.57 | J38: 100 | K38: =I38*J38 -> 2257 | L38: =F38-K38 -> 6959.6 | O38: =SUM(O34:O37) -> 4925.2552
A39: 联系电话：18938973683 | M39: 制作： | O39: 曹贤奎
A41: 华尔特工业园光伏项目发电统计表（2026年1月）
A42: 正向数据（发电量） | G42: 反向数据（上网电量） | L42: 自发用电量/金额
A43: 类别 | B43: 上月表数 | C43: 本月表数 | D43: 电表用理 | E43: 倍率 | F43: 发电量 | G43: 上月表数 | H43: 本月表数 | I43: 电表用理 | J43: 倍率 | K43: 上网电量 | L43: 实际用电数 | M43: 原电价 | N43: 优惠后电价 | O43: 金额 | P43: 用户号 | Q43: 0948030043388253
A44: 正有功尖峰 | B44: 59.56 | C44: 106.01 | D44: =C44-B44 -> 46.45 | E44: 60 | F44: =D44*E44 -> 2787 | G44: 35.58 | H44: 50.93 | I44: =H44-G44 -> 15.35 | J44: 100 | K44: =I44*J44 -> 1535 | L44: =F44-K44 -> 1252 | M44: 0.95786875 | N44: =M44-0.15 -> 0.80786875 | O44: =L44*N44 -> 1011.4517 | P44: 发电表号 | Q44: 0948030044266295
A45: 正有功峰 | B45: 56.66 | C45: 99.85 | D45: =C45-B45 -> 43.19 | E45: 60 | F45: =D45*E45 -> 2591.4 | G45: 33.92 | H45: 49.56 | I45: =H45-G45 -> 15.64 | J45: 100 | K45: =I45*J45 -> 1564 | L45: =F45-K45 -> 1027.4 | M45: 0.95786875 | N45: =M45-0.15 -> 0.80786875 | O45: =L45*N45 -> 830.00435 | P45: 发电表资产编号 | Q45: 09001SF00000042508942195
A46: 正有功平 | B46: 103.04 | C46: 175.9 | D46: =C46-B46 -> 72.86 | E46: 60 | F46: =D46*E46 -> 4371.6 | G46: 61.75 | H46: 90.47 | I46: =H46-G46 -> 28.72 | J46: 100 | K46: =I46*J46 -> 2872 | L46: =F46-K46 -> 1499.6 | M46: 0.71406875 | N46: =M46-0.15 -> 0.56406875 | O46: =L46*N46 -> 845.8775 | P46: 上网表号 | Q46: 0948030043388253
A47: 正有功谷 | B47: 3.27 | C47: 4.48 | D47: =C47-B47 -> 1.21 | E47: 60 | F47: =D47*E47 -> 72.6 | G47: 1.99 | H47: 2.32 | I47: =H47-G47 -> 0.33 | J47: 100 | K47: =I47*J47 -> 33 | L47: =F47-K47 -> 39.6 | M47: 0.22636875 | N47: =M47 -> 0.22636875 | O47: =L47*N47 -> 8.9642025 | P47: 上网表资产号 | Q47: 09001SF00000042508942191
A48: 正有功总 | B48: 222.54 | C48: 386.25 | D48: =C48-B48 -> 163.71 | E48: 60 | F48: =D48*E48 -> 9822.6 | G48: 133.25 | H48: 193.3 | I48: =H48-G48 -> 60.05 | J48: 100 | K48: =I48*J48 -> 6005 | L48: =F48-K48 -> 3817.6 | O48: =SUM(O44:O47) -> 2696.2977
A49: 联系电话：18938973683 | M49: 制作： | O49: 曹贤奎
A51: 华尔特工业园光伏项目发电统计表（2026年1月）
A52: 正向数据（发电量） | G52: 反向数据（上网电量） | L52: 自发用电量/金额
A53: 类别 | B53: 上月表数 | C53: 本月表数 | D53: 电表用理 | E53: 倍率 | F53: 发电量 | G53: 上月表数 | H53: 本月表数 | I53: 电表用理 | J53: 倍率 | K53: 上网电量 | L53: 实际用电数 | M53: 原电价 | N53: 优惠后电价 | O53: 金额 | P53: 用户号 | Q53: 0948030028525149
A54: 正有功尖峰 | B54: 57.42 | C54: 101.48 | D54: =C54-B54 -> 44.06 | E54: 60 | F54: =D54*E54 -> 2643.6 | G54: 5.47 | H54: 7.58 | I54: =H54-G54 -> 2.11 | J54: 100 | K54: =I54*J54 -> 211 | L54: =F54-K54 -> 2432.6 | M54: 0.95786875 | N54: =M54-0.15 -> 0.80786875 | O54: =L54*N54 -> 1965.2215 | P54: 发电表号 | Q54: 0948030044235101
A55: 正有功峰 | B55: 55.64 | C55: 97.84 | D55: =C55-B55 -> 42.2 | E55: 60 | F55: =D55*E55 -> 2532 | G55: 4.85 | H55: 6.95 | I55: =H55-G55 -> 2.1 | J55: 100 | K55: =I55*J55 -> 210 | L55: =F55-K55 -> 2322 | M55: 0.95786875 | N55: =M55-0.15 -> 0.80786875 | O55: =L55*N55 -> 1875.8712 | P55: 发电表资产编号 | Q55: 09001SF00000042508942196
A56: 正有功平 | B56: 102.41 | C56: 174.04 | D56: =C56-B56 -> 71.63 | E56: 60 | F56: =D56*E56 -> 4297.8 | G56: 22.1 | H56: 31.26 | I56: =H56-G56 -> 9.16 | J56: 100 | K56: =I56*J56 -> 916 | L56: =F56-K56 -> 3381.8 | M56: 0.71406875 | N56: =M56-0.15 -> 0.56406875 | O56: =L56*N56 -> 1907.5677 | P56: 上网表号 | Q56: 0948030028525149
A57: 正有功谷 | B57: 3.32 | C57: 4.59 | D57: =C57-B57 -> 1.27 | E57: 60 | F57: =D57*E57 -> 76.2 | G57: 0.1 | H57: 0.14 | I57: =H57-G57 -> 0.04 | J57: 100 | K57: =I57*J57 -> 4 | L57: =F57-K57 -> 72.2 | M57: 0.22636875 | N57: =M57 -> 0.22636875 | O57: =L57*N57 -> 16.343824 | P57: 上网表资产号 | Q57: 09001SF00000042508942190
A58: 正有功总 | B58: 218.8 | C58: 377.96 | D58: =C58-B58 -> 159.16 | E58: 60 | F58: =D58*E58 -> 9549.6 | G58: 32.54 | H58: 45.95 | I58: =H58-G58 -> 13.41 | J58: 100 | K58: =I58*J58 -> 1341 | L58: =F58-K58 -> 8208.6 | O58: =SUM(O54:O57) -> 5765.0043
A59: 联系电话：18938973683 | M59: 制作： | O59: 曹贤奎
A61: 华尔特工业园光伏项目发电统计表（2026年1月）
A62: 正向数据（发电量） | G62: 反向数据（上网电量） | L62: 自发用电量/金额
A63: 类别 | B63: 上月表数 | C63: 本月表数 | D63: 电表用理 | E63: 倍率 | F63: 发电量 | G63: 上月表数 | H63: 本月表数 | I63: 电表用理 | J63: 倍率 | K63: 上网电量 | L63: 实际用电数 | M63: 原电价 | N63: 优惠后电价 | O63: 金额 | P63: 用户号 | Q63: 0948030043525791
A64: 正有功尖峰 | B64: 59.89 | C64: 100.93 | D64: =C64-B64 -> 41.04 | E64: 100 | F64: =D64*E64 -> 4104 | G64: 23.31 | H64: 33.2 | I64: =H64-G64 -> 9.89 | J64: 100 | K64: =I64*J64 -> 989 | L64: =F64-K64 -> 3115 | M64: 0.95786875 | N64: =M64-0.15 -> 0.80786875 | O64: =L64*N64 -> 2516.5112 | P64: 发电表号 | Q64: 0948030044235084
A65: 正有功峰 | B65: 58.08 | C65: 100.15 | D65: =C65-B65 -> 42.07 | E65: 100 | F65: =D65*E65 -> 4207 | G65: 22.14 | H65: 30.56 | I65: =H65-G65 -> 8.42 | J65: 100 | K65: =I65*J65 -> 842 | L65: =F65-K65 -> 3365 | M65: 0.95786875 | N65: =M65-0.15 -> 0.80786875 | O65: =L65*N65 -> 2718.4783 | P65: 发电表资产编号 | Q65: 09001SF00000042508942175
A66: 正有功平 | B66: 115.31 | C66: 195.01 | D66: =C66-B66 -> 79.7 | E66: 100 | F66: =D66*E66 -> 7970 | G66: 59.27 | H66: 89.85 | I66: =H66-G66 -> 30.58 | J66: 100 | K66: =I66*J66 -> 3058 | L66: =F66-K66 -> 4912 | M66: 0.71406875 | N66: =M66-0.15 -> 0.56406875 | O66: =L66*N66 -> 2770.7057 | P66: 上网表号 | Q66: 0948030043525791
A67: 正有功谷 | B67: 3.33 | C67: 4.61 | D67: =C67-B67 -> 1.28 | E67: 100 | F67: =D67*E67 -> 128 | G67: 0.09 | H67: 0.09 | I67: =H67-G67 -> 0 | J67: 100 | K67: =I67*J67 -> 0 | L67: =F67-K67 -> 128 | M67: 0.22636875 | N67: =M67 -> 0.22636875 | O67: =L67*N67 -> 28.9752 | P67: 上网表资产号 | Q67: 09001SF00000042508942222
A68: 正有功总 | B68: 236.63 | C68: 400.71 | D68: =C68-B68 -> 164.08 | E68: 100 | F68: =D68*E68 -> 16408 | G68: 104.82 | H68: 153.71 | I68: =H68-G68 -> 48.89 | J68: 100 | K68: =I68*J68 -> 4889 | L68: =F68-K68 -> 11519 | O68: =SUM(O64:O67) -> 8034.6704
A69: 联系电话：18938973683 | M69: 制作： | O69: 曹贤奎
A71: 华尔特工业园光伏项目发电统计表（2026年1月）
A72: 正向数据（发电量） | G72: 反向数据（上网电量） | L72: 自发用电量/金额
A73: 类别 | B73: 上月表数 | C73: 本月表数 | D73: 电表用理 | E73: 倍率 | F73: 发电量 | G73: 上月表数 | H73: 本月表数 | I73: 电表用理 | J73: 倍率 | K73: 上网电量 | L73: 实际用电数 | M73: 原电价 | N73: 优惠后电价 | O73: 金额 | P73: 用户号 | Q73: 0948030027271562
A74: 正有功尖峰 | B74: 893.57 | C74: 1430.97 | D74: =C74-B74 -> 537.4 | E74: 1 | F74: =D74*E74 -> 537.4 | G74: 0.96 | H74: 3.49 | I74: =H74-G74 -> 2.53 | J74: 60 | K74: =I74*J74 -> 151.8 | L74: =F74-K74 -> 385.6 | M74: 0.95786875 | N74: =M74-0.15 -> 0.80786875 | O74: =L74*N74 -> 311.51419 | P74: 发电表号 | Q74: 0948030044235097
A75: 正有功峰 | B75: 889.82 | C75: 1403.8 | D75: =C75-B75 -> 513.98 | E75: 1 | F75: =D75*E75 -> 513.98 | G75: 0.91 | H75: 3.44 | I75: =H75-G75 -> 2.53 | J75: 60 | K75: =I75*J75 -> 151.8 | L75: =F75-K75 -> 362.18 | M75: 0.95786875 | N75: =M75-0.15 -> 0.80786875 | O75: =L75*N75 -> 292.5939 | P75: 发电表资产编号 | Q75: 09001SF00000042509164566
A76: 正有功平 | B76: 1663.61 | C76: 2571.47 | D76: =C76-B76 -> 907.86 | E76: 1 | F76: =D76*E76 -> 907.86 | G76: 5.58 | H76: 12.03 | I76: =H76-G76 -> 6.45 | J76: 60 | K76: =I76*J76 -> 387 | L76: =F76-K76 -> 520.86 | M76: 0.71406875 | N76: =M76-0.15 -> 0.56406875 | O76: =L76*N76 -> 293.80085 | P76: 上网表号 | Q76: 0948030027271562
A77: 正有功谷 | B77: 48.41 | C77: 61.91 | D77: =C77-B77 -> 13.5 | E77: 1 | F77: =D77*E77 -> 13.5 | G77: 0.29 | H77: 0.36 | I77: =H77-G77 -> 0.07 | J77: 60 | K77: =I77*J77 -> 4.2 | L77: =F77-K77 -> 9.3 | M77: 0.22636875 | N77: =M77 -> 0.22636875 | O77: =L77*N77 -> 2.1052294 | P77: 上网表资产号 | Q77: 09001SF00000042508942223
A78: 正有功总 | B78: 3495.41 | C78: 5468.16 | D78: =C78-B78 -> 1972.75 | E78: 1 | F78: =D78*E78 -> 1972.75 | G78: 7.76 | H78: 19.33 | I78: =H78-G78 -> 11.57 | J78: 60 | K78: =I78*J78 -> 694.2 | L78: =F78-K78 -> 1278.55 | O78: =SUM(O74:O77) -> 900.01417
A79: 联系电话：18938973683 | M79: 制作： | O79: 曹贤奎
A81: 华尔特工业园光伏项目发电统计表（2026年1月）
A82: 正向数据（发电量） | G82: 反向数据（上网电量） | L82: 自发用电量/金额
A83: 类别 | B83: 上月表数 | C83: 本月表数 | D83: 电表用理 | E83: 倍率 | F83: 发电量 | G83: 上月表数 | H83: 本月表数 | I83: 电表用理 | J83: 倍率 | K83: 上网电量 | L83: 实际用电数 | M83: 原电价 | N83: 优惠后电价 | O83: 金额 | P83: 用户号 | Q83: 0948030027333525
A84: 正有功尖峰 | B84: 59.36 | C84: 101.42 | D84: =C84-B84 -> 42.06 | E84: 60 | F84: =D84*E84 -> 2523.6 | G84: 9.76 | H84: 18.17 | I84: =H84-G84 -> 8.41 | J84: 100 | K84: =I84*J84 -> 841 | L84: =F84-K84 -> 1682.6 | M84: 0.95786875 | N84: =M84-0.15 -> 0.80786875 | O84: =L84*N84 -> 1359.32 | P84: 发电表号 | Q84: 0948030045008711
A85: 正有功峰 | B85: 56.51 | C85: 95.44 | D85: =C85-B85 -> 38.93 | E85: 60 | F85: =D85*E85 -> 2335.8 | G85: 8.7 | H85: 16.74 | I85: =H85-G85 -> 8.04 | J85: 100 | K85: =I85*J85 -> 804 | L85: =F85-K85 -> 1531.8 | M85: 0.95786875 | N85: =M85-0.15 -> 0.80786875 | O85: =L85*N85 -> 1237.4934 | P85: 发电表资产编号 | Q85: 09001SF00000042508943351
A86: 正有功平 | B86: 100.87 | C86: 165.76 | D86: =C86-B86 -> 64.89 | E86: 60 | F86: =D86*E86 -> 3893.4 | G86: 29.19 | H86: 50.54 | I86: =H86-G86 -> 21.35 | J86: 100 | K86: =I86*J86 -> 2135 | L86: =F86-K86 -> 1758.4 | M86: 0.71406875 | N86: =M86-0.15 -> 0.56406875 | O86: =L86*N86 -> 991.85849 | P86: 上网表号 | Q86: 0948030027333525
A87: 正有功谷 | B87: 2.97 | C87: 4.05 | D87: =C87-B87 -> 1.08 | E87: 60 | F87: =D87*E87 -> 64.8 | G87: 0.7 | H87: 0.92 | I87: =H87-G87 -> 0.22 | J87: 100 | K87: =I87*J87 -> 22 | L87: =F87-K87 -> 42.8 | M87: 0.22636875 | N87: =M87 -> 0.22636875 | O87: =L87*N87 -> 9.6885825 | P87: 上网表资产号 | Q87: 09001SF00000042508942212
A88: 正有功总 | B88: 219.72 | C88: 366.68 | D88: =C88-B88 -> 146.96 | E88: 60 | F88: =D88*E88 -> 8817.6 | G88: 48.35 | H88: 86.39 | I88: =H88-G88 -> 38.04 | J88: 100 | K88: =I88*J88 -> 3804 | L88: =F88-K88 -> 5013.6 | O88: =SUM(O84:O87) -> 3598.3604
A89: 合计 | N89: =O88+O78+O68+O58+O48+O38+O28+O18+O8 -> 30583.118
A90: 联系电话：18938973683 | M90: 制作： | O90: 曹贤奎
F91: =F88+F78+F68+F58+F48+F38+F28+F18+F8 -> 76929.33
F92: =F88+F78+F68+F58+F48+F38+F28+F18+F8 -> 76929.33 | K92: =K88+K78+K68+K58+K48+K38+K28+K18+K8 -> 33587 | L92: =L88+L78+L68+L58+L48+L38+L28+L18+L8 -> 43342.33 | N92: =O88+O78+O68+O58+O48+O38+O28+O18+O8 -> 30583.118
