Workbook

Sheet 202601
A1: 华尔特工业园光伏项目发电统计表（2026年1月）
A2: 正向数据（发电量） | G2: 反向数据（上网电量） | L2: 自发用电量/金额
A3: 类别 | B3: 上月表数 | C3: 本月表数 | D3: 电表用理 | E3: 倍率 | F3: 发电量 | G3: 上月表数 | H3: 本月表数 | I3: 电表用理 | J3: 倍率 | K3: 上网电量 | L3: 实际用电数 | M3: 原电价 | N3: 优惠后电价 | O3: 金额 | P3: 用户号 | Q3: 0948030028524999
A4: 正有功尖峰 | B4: 322.66 | C4: 363.93 | D4: =C4-B4 -> 41.27 | E4: 40 | F4: =D4*E4 -> 1650.8 | G4: 35.62 | H4: 40.86 | I4: =H4-G4 -> 5.24 | J4: 60 | K4: =I4*J4 -> 314.4 | L4: =F4-K4 -> 1336.4 | M4: 0.95786875 | N4: 0.99856875 | O4: =L4*N4 -> 1334.4873 | P4: 发电表号 | Q4: 0948030041968361
A5: 正有功峰 | B5: 317.1 | C5: 357.39 | D5: =C5-B5 -> 40.29 | E5: 40 | F5: =D5*E5 -> 1611.6 | G5: 35.05 | H5: 40.17 | I5: =H5-G5 -> 5.12 | J5: 60 | K5: =I5*J5 -> 307.2 | L5: =F5-K5 -> 1304.4 | M5: 0.95786875 | N5: 0.99856875 | O5: =L5*N5 -> 1302.5331 | P5: 发电表资产编号 | Q5: 09001SF00000042408595673
A6: 正有功平 | B6: 547.83 | C6: 613.76 | D6: =C6-B6 -> 65.93 | E6: 40 | F6: =D6*E6 -> 2637.2 | G6: 74.14 | H6: 84.44 | I6: =H6-G6 -> 10.3 | J6: 60 | K6: =I6*J6 -> 618 | L6: =F6-K6 -> 2019.2 | M6: 0.71406875 | N6: 0.73096875 | O6: =L6*N6 -> 1475.9721 | P6: 上网表号 | Q6: 0948030042077031
A7: 正有功谷 | B7: 42.83 | C7: 43.62 | D7: =C7-B7 -> 0.79 | E7: 40 | F7: =D7*E7 -> 31.6 | G7: 11.46 | H7: 11.5 | I7: =H7-G7 -> 0.04 | J7: 60 | K7: =I7*J7 -> 2.4 | L7: =F7-K7 -> 29.2 | M7: 0.22636875 | N7: 0.19566875 | O7: =L7*N7 -> 5.7135275 | P7: 上网表资产号 | Q7: 09001SF00000042207356623
A8: 正有功总 | B8: 1230.44 | C8: 1378.73 | D8: =C8-B8 -> 148.29 | E8: 40 | F8: =D8*E8 -> 5931.6 | G8: 156.29 | H8: 176.99 | I8: =H8-G8 -> 20.7 | J8: 60 | K8: =I8*J8 -> 1242 | L8: =F8-K8 -> 4689.6 | O8: =SUM(O4:O7) -> 4118.706
A9: 联系电话：18938973683 | M9: 制作： | O9: 曹贤奎
A11: 华尔特工业园光伏项目发电统计表（2026年1月）
A12: 正向数据（发电量） | G12: 反向数据（上网电量） | L12: 自发用电量/金额
A13: 类别 | B13: 上月表数 | C13: 本月表数 | D13: 电表用理 | E13: 倍率 | F13: 发电量 | G13: 上月表数 | H13: 本月表数 | I13: 电表用理 | J13: 倍率 | K13: 上网电量 | L13: 实际用电数 | M13: 原电价 | N13: 优惠后电价 | O13: 金额 | P13: 用户号 | Q13: 0948030028524986
A14: 正有功尖峰 | B14: 204.13 | C14: 230.01 | D14: =C14-B14 -> 25.88 | E14: 40 | F14: =D14*E14 -> 1035.2 | G14: 20.64 | H14: 25.54 | I14: =H14-G14 -> 4.9 | J14: 60 | K14: =I14*J14 -> 294 | L14: =F14-K14 -> 741.2 | M14: 0.95786875 | N14: =M14-0.05 -> 0.90786875 | O14: =L14*N14 -> 672.91232 | P14: 发电表号 | Q14: 0948030041968260
A15: 正有功峰 | B15: 206.72 | C15: 234.41 | D15: =C15-B15 -> 27.69 | E15: 40 | F15: =D15*E15 -> 1107.6 | G15: 20.4 | H15: 25.08 | I15: =H15-G15 -> 4.68 | J15: 60 | K15: =I15*J15 -> 280.8 | L15: =F15-K15 -> 826.8 | M15: 0.95786875 | N15: =M15-0.05 -> 0.90786875 | O15: =L15*N15 -> 750.62588 | P15: 发电表资产编号 | Q15: 09001SF00000042408595672
A16: 正有功平 | B16: 364.57 | C16: 410.87 | D16: =C16-B16 -> 46.3 | E16: 40 | F16: =D16*E16 -> 1852 | G16: 80.11 | H16: 95.17 | I16: =H16-G16 -> 15.06 | J16: 60 | K16: =I16*J16 -> 903.6 | L16: =F16-K16 -> 948.4 | M16: 0.71406875 | N16: =M16-0.05 -> 0.66406875 | O16: =L16*N16 -> 629.8028 | P16: 上网表号 | Q16: 0948030041991233
A17: 正有功谷 | B17: 30.76 | C17: 31.4 | D17: =C17-B17 -> 0.64 | E17: 40 | F17: =D17*E17 -> 25.6 | G17: 10.55 | H17: 10.58 | I17: =H17-G17 -> 0.03 | J17: 60 | K17: =I17*J17 -> 1.8 | L17: =F17-K17 -> 23.8 | M17: 0.22636875 | N17: =M17-0.05 -> 0.17636875 | O17: =L17*N17 -> 4.1975762 | P17: 上网表资产号 | Q17: 09001SF00000042207356622
A18: 正有功总 | B18: 806.21 | C18: 906.69 | D18: =C18-B18 -> 100.48 | E18: 40 | F18: =D18*E18 -> 4019.2 | G18: 131.71 | H18: 156.39 | I18: =H18-G18 -> 24.68 | J18: 60 | K18: =I18*J18 -> 1480.8 | L18: =F18-K18 -> 2538.4 | O18: =SUM(O14:O17) -> 2057.5386
A19: 联系电话：18938973683 | M19: 制作： | O19: 曹贤奎
A21: 华尔特工业园光伏项目发电统计表（2026年1月）
A22: 正向数据（发电量） | G22: 反向数据（上网电量） | L22: 自发用电量/金额
A23: 类别 | B23: 上月表数 | C23: 本月表数 | D23: 电表用理 | E23: 倍率 | F23: 发电量 | G23: 上月表数 | H23: 本月表数 | I23: 电表用理 | J23: 倍率 | K23: 上网电量 | L23: 实际用电数 | M23: 原电价 | N23: 优惠后电价 | O23: 金额 | P23: 用户号 | Q23: 0948030027271533
A24: 正有功尖峰 | B24: 311.27 | C24: 361.24 | D24: =C24-B24 -> 49.97 | E24: 60 | F24: =D24*E24 -> 2998.2 | G24: 212.91 | H24: 260.07 | I24: =H24-G24 -> 47.16 | J24: 60 | K24: =I24*J24 -> 2829.6 | L24: =F24-K24 -> 168.6 | M24: 0.95786875 | N24: =M24-0.05 -> 0.90786875 | O24: =L24*N24 -> 153.06667 | P24: 发电表号 | Q24: 0948030041968273
A25: 正有功峰 | B25: 299.64 | C25: 345.87 | D25: =C25-B25 -> 46.23 | E25: 60 | F25: =D25*E25 -> 2773.8 | G25: 204.69 | H25: 248.52 | I25: =H25-G25 -> 43.83 | J25: 60 | K25: =I25*J25 -> 2629.8 | L25: =F25-K25 -> 144 | M25: 0.95786875 | N25: =M25-0.05 -> 0.90786875 | O25: =L25*N25 -> 130.7331 | P25: 发电表资产编号 | Q25: 09001SF00000042408595704
A26: 正有功平 | B26: 503.88 | C26: 580.72 | D26: =C26-B26 -> 76.84 | E26: 60 | F26: =D26*E26 -> 4610.4 | G26: 389.98 | H26: 463.97 | I26: =H26-G26 -> 73.99 | J26: 60 | K26: =I26*J26 -> 4439.4 | L26: =F26-K26 -> 171 | M26: 0.71406875 | N26: =M26-0.05 -> 0.66406875 | O26: =L26*N26 -> 113.55576 | P26: 上网表号 | Q26: 0948030042119702
A27: 正有功谷 | B27: 42.01 | C27: 43.34 | D27: =C27-B27 -> 1.33 | E27: 60 | F27: =D27*E27 -> 79.8 | G27: 27.79 | H27: 28.98 | I27: =H27-G27 -> 1.19 | J27: 60 | K27: =I27*J27 -> 71.4 | L27: =F27-K27 -> 8.4 | M27: 0.22636875 | N27: =M27-0.05 -> 0.17636875 | O27: =L27*N27 -> 1.4814975 | P27: 上网表资产号 | Q27: 09001SF00000042207356625
A28: 正有功总 | B28: 1156.82 | C28: 1331.19 | D28: =C28-B28 -> 174.37 | E28: 60 | F28: =D28*E28 -> 10462.2 | G28: 835.38 | H28: 1001.56 | I28: =H28-G28 -> 166.18 | J28: 60 | K28: =I28*J28 -> 9970.8 | L28: =F28-K28 -> 491.4 | O28: =SUM(O24:O27) -> 398.83703
A29: 联系电话：18938973683 | M29: 制作： | O29: 曹贤奎
A31: 华尔特工业园光伏项目发电统计表（2026年1月）
A32: 正向数据（发电量） | G32: 反向数据（上网电量） | L32: 自发用电量/金额
A33: 类别 | B33: 上月表数 | C33: 本月表数 | D33: 电表用理 | E33: 倍率 | F33: 发电量 | G33: 上月表数 | H33: 本月表数 | I33: 电表用理 | J33: 倍率 | K33: 上网电量 | L33: 实际用电数 | M33: 原电价 | N33: 优惠后电价 | O33: 金额 | P33: 用户号 | Q33: 0948030027271344 | R33: 宿舍
A34: 正有功尖峰 | B34: 351.2 | C34: 398.77 | D34: =C34-B34 -> 47.57 | E34: 60 | F34: =D34*E34 -> 2854.2 | G34: 191.37 | H34: 221.49 | I34: =H34-G34 -> 30.12 | J34: 60 | K34: =I34*J34 -> 1807.2 | L34: =F34-K34 -> 1047 | M34: 0.69986875 | N34: =M34-0.06 -> 0.63986875 | O34: =L34*N34 -> 669.94258 | P34: 发电表号 | Q34: 0948030041302226
A35: 正有功峰 | B35: 338.79 | C35: 382.91 | D35: =C35-B35 -> 44.12 | E35: 60 | F35: =D35*E35 -> 2647.2 | G35: 200.73 | H35: 231.28 | I35: =H35-G35 -> 30.55 | J35: 60 | K35: =I35*J35 -> 1833 | L35: =F35-K35 -> 814.2 | M35: 0.69986875 | N35: =M35-0.06 -> 0.63986875 | O35: =L35*N35 -> 520.98114 | P35: 发电表资产编号 | Q35: 09001SF00000042408595705
A36: 正有功平 | B36: 580.79 | C36: 656.04 | D36: =C36-B36 -> 75.25 | E36: 60 | F36: =D36*E36 -> 4515 | G36: 332.55 | H36: 382.59 | I36: =H36-G36 -> 50.04 | J36: 60 | K36: =I36*J36 -> 3002.4 | L36: =F36-K36 -> 1512.6 | M36: 0.69986875 | N36: =M36-0.06 -> 0.63986875 | O36: =L36*N36 -> 967.86547 | P36: 上网表号 | Q36: 0948030041991350
A37: 正有功谷 | B37: 47.61 | C37: 48.88 | D37: =C37-B37 -> 1.27 | E37: 60 | F37: =D37*E37 -> 76.2 | G37: 3.28 | H37: 3.29 | I37: =H37-G37 -> 0.01 | J37: 60 | K37: =I37*J37 -> 0.6 | L37: =F37-K37 -> 75.6 | M37: 0.69986875 | N37: =M37-0.06 -> 0.63986875 | O37: =L37*N37 -> 48.374078 | P37: 上网表资产号 | Q37: 09001SF00000042207356624
A38: 正有功总 | B38: 1318.41 | C38: 1486.62 | D38: =C38-B38 -> 168.21 | E38: 60 | F38: =D38*E38 -> 10092.6 | G38: 727.94 | H38: 838.66 | I38: =H38-G38 -> 110.72 | J38: 60 | K38: =I38*J38 -> 6643.2 | L38: =F38-K38 -> 3449.4 | O38: =SUM(O34:O37) -> 2207.1633
A39: 联系电话：18938973683 | M39: 制作： | O39: 曹贤奎

Sheet 每月汇总
A1: 华尔特工业园光伏项目发电2026年1月统计表
A2: 用户号 | B2: 发电表号 | C2: 发电表资产编号 | D2: 上网表号 | E2: 上网表资产号 | F2: 发电量 | G2: 上网电量 | H2: 实际用电数 | I2: 金额 | J2: 上网费
A3: ='202601'!Q3 -> 0948030028524999 | B3: ='202601'!Q4 -> 0948030041968361 | C3: ='202601'!Q5 -> 09001SF00000042408595673 | D3: ='202601'!Q6 -> 0948030042077031 | E3: ='202601'!Q7 -> 09001SF00000042207356623 | F3: ='202601'!F8 -> 5931.6 | G3: ='202601'!K8 -> 1242 | H3: ='202601'!L8 -> 4689.6 | I3: ='202601'!O8 -> 4118.706
A4: ='202601'!Q13 -> 0948030028524986 | B4: ='202601'!Q14 -> 0948030041968260 | C4: ='202601'!Q15 -> 09001SF00000042408595672 | D4: ='202601'!Q16 -> 0948030041991233 | E4: ='202601'!Q17 -> 09001SF00000042207356622 | F4: ='202601'!F18 -> 4019.2 | G4: ='202601'!K18 -> 1480.8 | H4: ='202601'!L18 -> 2538.4 | I4: ='202601'!O18 -> 2057.5386
A5: ='202601'!Q23 -> 0948030027271533 | B5: ='202601'!Q24 -> 0948030041968273 | C5: ='202601'!Q25 -> 09001SF00000042408595704 | D5: ='202601'!Q26 -> 0948030042119702 | E5: ='202601'!Q27 -> 09001SF00000042207356625 | F5: ='202601'!F28 -> 10462.2 | G5: ='202601'!K28 -> 9970.8 | H5: ='202601'!L28 -> 491.4 | I5: ='202601'!O28 -> 398.83703
A6: ='202601'!Q33 -> 0948030027271344 | B6: ='202601'!Q34 -> 0948030041302226 | C6: ='202601'!Q35 -> 09001SF00000042408595705 | D6: ='202601'!Q36 -> 0948030041991350 | E6: ='202601'!Q37 -> 09001SF00000042207356624 | F6: ='202601'!F38 -> 10092.6 | G6: ='202601'!K38 -> 6643.2 | H6: ='202601'!L38 -> 3449.4 | I6: ='202601'!O38 -> 2207.1633
A7: 合计 | F7: =SUM(F3:F6) -> 30505.6 | G7: =SUM(G3:G6) -> 19336.8 | H7: =SUM(H3:H6) -> 11168.8 | I7: =SUM(I3:I6) -> 8782.2449
A8: 华尔特工业园光伏项目发电2026年2月统计表
A9: {=A3:E6} -> 0948030028524999 | B9: 0948030041968361 | C9: 09001SF00000042408595673 | D9: 0948030042077031 | E9: 09001SF00000042207356623
A10: 0948030028524986 | B10: 0948030041968260 | C10: 09001SF00000042408595672 | D10: 0948030041991233 | E10: 09001SF00000042207356622
A11: 0948030027271533 | B11: 0948030041968273 | C11: 09001SF00000042408595704 | D11: 0948030042119702 | E11: 09001SF00000042207356625
A12: 0948030027271344 | B12: 0948030041302226 | C12: 09001SF00000042408595705 | D12: 0948030041991350 | E12: 09001SF00000042207356624
A13: 华尔特工业园光伏项目发电2026年3月统计表
A14: {=A3:E6} -> 0948030028524999 | B14: 0948030041968361 | C14: 09001SF00000042408595673 | D14: 0948030042077031 | E14: 09001SF00000042207356623
A15: 0948030028524986 | B15: 0948030041968260 | C15: 09001SF00000042408595672 | D15: 0948030041991233 | E15: 09001SF00000042207356622
A16: 0948030027271533 | B16: 0948030041968273 | C16: 09001SF00000042408595704 | D16: 0948030042119702 | E16: 09001SF00000042207356625
A17: 0948030027271344 | B17: 0948030041302226 | C17: 09001SF00000042408595705 | D17: 0948030041991350 | E17: 09001SF00000042207356624
A18: 华尔特工业园光伏项目发电2026年4月统计表
A19: {=A3:E6} -> 0948030028524999 | B19: 0948030041968361 | C19: 09001SF00000042408595673 | D19: 0948030042077031 | E19: 09001SF00000042207356623
A20: 0948030028524986 | B20: 0948030041968260 | C20: 09001SF00000042408595672 | D20: 0948030041991233 | E20: 09001SF00000042207356622
A21: 0948030027271533 | B21: 0948030041968273 | C21: 09001SF00000042408595704 | D21: 0948030042119702 | E21: 09001SF00000042207356625
A22: 0948030027271344 | B22: 0948030041302226 | C22: 09001SF00000042408595705 | D22: 0948030041991350 | E22: 09001SF00000042207356624
A23: 华尔特工业园光伏项目发电2026年5月统计表
A24: {=A3:E6} -> 0948030028524999 | B24: 0948030041968361 | C24: 09001SF00000042408595673 | D24: 0948030042077031 | E24: 09001SF00000042207356623
A25: 0948030028524986 | B25: 0948030041968260 | C25: 09001SF00000042408595672 | D25: 0948030041991233 | E25: 09001SF00000042207356622
A26: 0948030027271533 | B26: 0948030041968273 | C26: 09001SF00000042408595704 | D26: 0948030042119702 | E26: 09001SF00000042207356625
A27: 0948030027271344 | B27: 0948030041302226 | C27: 09001SF00000042408595705 | D27: 0948030041991350 | E27: 09001SF00000042207356624
A28: 华尔特工业园光伏项目发电2026年6月统计表
A29: {=A3:E6} -> 0948030028524999 | B29: 0948030041968361 | C29: 09001SF00000042408595673 | D29: 0948030042077031 | E29: 09001SF00000042207356623
A30: 0948030028524986 | B30: 0948030041968260 | C30: 09001SF00000042408595672 | D30: 0948030041991233 | E30: 09001SF00000042207356622
A31: 0948030027271533 | B31: 0948030041968273 | C31: 09001SF00000042408595704 | D31: 0948030042119702 | E31: 09001SF00000042207356625
A32: 0948030027271344 | B32: 0948030041302226 | C32: 09001SF00000042408595705 | D32: 0948030041991350 | E32: 09001SF00000042207356624
A33: 华尔特工业园光伏项目发电2026年7月统计表
A38: 华尔特工业园光伏项目发电2026年8月统计表
A43: 华尔特工业园光伏项目发电2026年9月统计表
A48: 华尔特工业园光伏项目发电2026年10月统计表
A53: 华尔特工业园光伏项目发电2026年11月统计表
A58: 华尔特工业园光伏项目发电2026年12月统计表
